path,label
/content/drive/MyDrive/mark4.4/data/test/machine_noise_501.wav,machine_noise
/content/drive/MyDrive/mark4.4/data/test/machine_noise_502.wav,machine_noise
/content/drive/MyDrive/mark4.4/data/test/machine_noise_503.wav,machine_noise
/content/drive/MyDrive/mark4.4/data/test/machine_noise_504.wav,machine_noise
/content/drive/MyDrive/mark4.4/data/test/machine_noise_505.wav,machine_noise
/content/drive/MyDrive/mark4.4/data/test/machine_noise_506.wav,machine_noise
/content/drive/MyDrive/mark4.4/data/test/machine_noise_507.wav,machine_noise
/content/drive/MyDrive/mark4.4/data/test/machine_noise_508.wav,machine_noise
/content/drive/MyDrive/mark4.4/data/test/machine_noise_509.wav,machine_noise
/content/drive/MyDrive/mark4.4/data/test/machine_noise_510.wav,machine_noise
/content/drive/MyDrive/mark4.4/data/test/machine_noise_511.wav,machine_noise
/content/drive/MyDrive/mark4.4/data/test/machine_noise_512.wav,machine_noise
/content/drive/MyDrive/mark4.4/data/test/machine_noise_513.wav,machine_noise
/content/drive/MyDrive/mark4.4/data/test/machine_noise_514.wav,machine_noise
/content/drive/MyDrive/mark4.4/data/test/machine_noise_515.wav,machine_noise
/content/drive/MyDrive/mark4.4/data/test/machine_noise_516.wav,machine_noise
/content/drive/MyDrive/mark4.4/data/test/machine_noise_517.wav,machine_noise
/content/drive/MyDrive/mark4.4/data/test/machine_noise_518.wav,machine_noise
/content/drive/MyDrive/mark4.4/data/test/machine_noise_519.wav,machine_noise
/content/drive/MyDrive/mark4.4/data/test/machine_noise_520.wav,machine_noise
/content/drive/MyDrive/mark4.4/data/test/machine_noise_521.wav,machine_noise
/content/drive/MyDrive/mark4.4/data/test/machine_noise_522.wav,machine_noise
/content/drive/MyDrive/mark4.4/data/test/machine_noise_523.wav,machine_noise
/content/drive/MyDrive/mark4.4/data/test/machine_noise_524.wav,machine_noise
/content/drive/MyDrive/mark4.4/data/test/machine_noise_525.wav,machine_noise
/content/drive/MyDrive/mark4.4/data/test/machine_noise_526.wav,machine_noise
/content/drive/MyDrive/mark4.4/data/test/machine_noise_527.wav,machine_noise
/content/drive/MyDrive/mark4.4/data/test/machine_noise_528.wav,machine_noise
/content/drive/MyDrive/mark4.4/data/test/machine_noise_529.wav,machine_noise
/content/drive/MyDrive/mark4.4/data/test/machine_noise_530.wav,machine_noise
/content/drive/MyDrive/mark4.4/data/test/machine_noise_531.wav,machine_noise
/content/drive/MyDrive/mark4.4/data/test/machine_noise_532.wav,machine_noise
/content/drive/MyDrive/mark4.4/data/test/machine_noise_533.wav,machine_noise
/content/drive/MyDrive/mark4.4/data/test/machine_noise_534.wav,machine_noise
/content/drive/MyDrive/mark4.4/data/test/machine_noise_535.wav,machine_noise
/content/drive/MyDrive/mark4.4/data/test/machine_noise_536.wav,machine_noise
/content/drive/MyDrive/mark4.4/data/test/machine_noise_537.wav,machine_noise
/content/drive/MyDrive/mark4.4/data/test/machine_noise_538.wav,machine_noise
/content/drive/MyDrive/mark4.4/data/test/machine_noise_539.wav,machine_noise
/content/drive/MyDrive/mark4.4/data/test/machine_noise_540.wav,machine_noise
/content/drive/MyDrive/mark4.4/data/test/machine_noise_541.wav,machine_noise
/content/drive/MyDrive/mark4.4/data/test/machine_noise_542.wav,machine_noise
/content/drive/MyDrive/mark4.4/data/test/machine_noise_543.wav,machine_noise
/content/drive/MyDrive/mark4.4/data/test/machine_noise_544.wav,machine_noise
/content/drive/MyDrive/mark4.4/data/test/machine_noise_545.wav,machine_noise
/content/drive/MyDrive/mark4.4/data/test/machine_noise_546.wav,machine_noise
/content/drive/MyDrive/mark4.4/data/test/machine_noise_547.wav,machine_noise
/content/drive/MyDrive/mark4.4/data/test/machine_noise_548.wav,machine_noise
/content/drive/MyDrive/mark4.4/data/test/machine_noise_549.wav,machine_noise
/content/drive/MyDrive/mark4.4/data/test/machine_noise_550.wav,machine_noise
/content/drive/MyDrive/mark4.4/data/test/machine_noise_551.wav,machine_noise
/content/drive/MyDrive/mark4.4/data/test/machine_noise_552.wav,machine_noise
/content/drive/MyDrive/mark4.4/data/test/machine_noise_553.wav,machine_noise
/content/drive/MyDrive/mark4.4/data/test/machine_noise_554.wav,machine_noise
/content/drive/MyDrive/mark4.4/data/test/machine_noise_555.wav,machine_noise
/content/drive/MyDrive/mark4.4/data/test/machine_noise_556.wav,machine_noise
/content/drive/MyDrive/mark4.4/data/test/machine_noise_557.wav,machine_noise
/content/drive/MyDrive/mark4.4/data/test/machine_noise_558.wav,machine_noise
/content/drive/MyDrive/mark4.4/data/test/machine_noise_559.wav,machine_noise
/content/drive/MyDrive/mark4.4/data/test/machine_noise_560.wav,machine_noise
/content/drive/MyDrive/mark4.4/data/test/machine_noise_561.wav,machine_noise
/content/drive/MyDrive/mark4.4/data/test/machine_noise_562.wav,machine_noise
/content/drive/MyDrive/mark4.4/data/test/machine_noise_563.wav,machine_noise
/content/drive/MyDrive/mark4.4/data/test/machine_noise_564.wav,machine_noise
/content/drive/MyDrive/mark4.4/data/test/machine_noise_565.wav,machine_noise
/content/drive/MyDrive/mark4.4/data/test/machine_noise_566.wav,machine_noise
/content/drive/MyDrive/mark4.4/data/test/machine_noise_567.wav,machine_noise
/content/drive/MyDrive/mark4.4/data/test/machine_noise_568.wav,machine_noise
/content/drive/MyDrive/mark4.4/data/test/machine_noise_569.wav,machine_noise
/content/drive/MyDrive/mark4.4/data/test/machine_noise_570.wav,machine_noise
/content/drive/MyDrive/mark4.4/data/test/machine_noise_571.wav,machine_noise
/content/drive/MyDrive/mark4.4/data/test/machine_noise_572.wav,machine_noise
/content/drive/MyDrive/mark4.4/data/test/machine_noise_573.wav,machine_noise
/content/drive/MyDrive/mark4.4/data/test/machine_noise_574.wav,machine_noise
/content/drive/MyDrive/mark4.4/data/test/machine_noise_575.wav,machine_noise
/content/drive/MyDrive/mark4.4/data/test/machine_noise_576.wav,machine_noise
/content/drive/MyDrive/mark4.4/data/test/machine_noise_577.wav,machine_noise
/content/drive/MyDrive/mark4.4/data/test/machine_noise_578.wav,machine_noise
/content/drive/MyDrive/mark4.4/data/test/machine_noise_579.wav,machine_noise
/content/drive/MyDrive/mark4.4/data/test/machine_noise_580.wav,machine_noise
/content/drive/MyDrive/mark4.4/data/test/machine_noise_581.wav,machine_noise
/content/drive/MyDrive/mark4.4/data/test/machine_noise_582.wav,machine_noise
/content/drive/MyDrive/mark4.4/data/test/machine_noise_583.wav,machine_noise
/content/drive/MyDrive/mark4.4/data/test/machine_noise_584.wav,machine_noise
/content/drive/MyDrive/mark4.4/data/test/machine_noise_585.wav,machine_noise
/content/drive/MyDrive/mark4.4/data/test/machine_noise_586.wav,machine_noise
/content/drive/MyDrive/mark4.4/data/test/machine_noise_587.wav,machine_noise
/content/drive/MyDrive/mark4.4/data/test/machine_noise_588.wav,machine_noise
/content/drive/MyDrive/mark4.4/data/test/machine_noise_589.wav,machine_noise
/content/drive/MyDrive/mark4.4/data/test/machine_noise_590.wav,machine_noise
/content/drive/MyDrive/mark4.4/data/test/machine_noise_591.wav,machine_noise
/content/drive/MyDrive/mark4.4/data/test/machine_noise_592.wav,machine_noise
/content/drive/MyDrive/mark4.4/data/test/machine_noise_593.wav,machine_noise
/content/drive/MyDrive/mark4.4/data/test/machine_noise_594.wav,machine_noise
/content/drive/MyDrive/mark4.4/data/test/machine_noise_595.wav,machine_noise
/content/drive/MyDrive/mark4.4/data/test/machine_noise_596.wav,machine_noise
/content/drive/MyDrive/mark4.4/data/test/machine_noise_597.wav,machine_noise
/content/drive/MyDrive/mark4.4/data/test/machine_noise_598.wav,machine_noise
/content/drive/MyDrive/mark4.4/data/test/machine_noise_599.wav,machine_noise
/content/drive/MyDrive/mark4.4/data/test/machine_noise_600.wav,machine_noise
/content/drive/MyDrive/mark4.4/data/test/others_501.wav,others
/content/drive/MyDrive/mark4.4/data/test/others_502.wav,others
/content/drive/MyDrive/mark4.4/data/test/others_503.wav,others
/content/drive/MyDrive/mark4.4/data/test/others_504.wav,others
/content/drive/MyDrive/mark4.4/data/test/others_505.wav,others
/content/drive/MyDrive/mark4.4/data/test/others_506.wav,others
/content/drive/MyDrive/mark4.4/data/test/others_507.wav,others
/content/drive/MyDrive/mark4.4/data/test/others_508.wav,others
/content/drive/MyDrive/mark4.4/data/test/others_509.wav,others
/content/drive/MyDrive/mark4.4/data/test/others_510.wav,others
/content/drive/MyDrive/mark4.4/data/test/others_511.wav,others
/content/drive/MyDrive/mark4.4/data/test/others_512.wav,others
/content/drive/MyDrive/mark4.4/data/test/others_513.wav,others
/content/drive/MyDrive/mark4.4/data/test/others_514.wav,others
/content/drive/MyDrive/mark4.4/data/test/others_515.wav,others
/content/drive/MyDrive/mark4.4/data/test/others_516.wav,others
/content/drive/MyDrive/mark4.4/data/test/others_517.wav,others
/content/drive/MyDrive/mark4.4/data/test/others_518.wav,others
/content/drive/MyDrive/mark4.4/data/test/others_519.wav,others
/content/drive/MyDrive/mark4.4/data/test/others_520.wav,others
/content/drive/MyDrive/mark4.4/data/test/others_521.wav,others
/content/drive/MyDrive/mark4.4/data/test/others_522.wav,others
/content/drive/MyDrive/mark4.4/data/test/others_523.wav,others
/content/drive/MyDrive/mark4.4/data/test/others_524.wav,others
/content/drive/MyDrive/mark4.4/data/test/others_525.wav,others
/content/drive/MyDrive/mark4.4/data/test/others_526.wav,others
/content/drive/MyDrive/mark4.4/data/test/others_527.wav,others
/content/drive/MyDrive/mark4.4/data/test/others_528.wav,others
/content/drive/MyDrive/mark4.4/data/test/others_529.wav,others
/content/drive/MyDrive/mark4.4/data/test/others_530.wav,others
/content/drive/MyDrive/mark4.4/data/test/others_531.wav,others
/content/drive/MyDrive/mark4.4/data/test/others_532.wav,others
/content/drive/MyDrive/mark4.4/data/test/others_533.wav,others
/content/drive/MyDrive/mark4.4/data/test/others_534.wav,others
/content/drive/MyDrive/mark4.4/data/test/others_535.wav,others
/content/drive/MyDrive/mark4.4/data/test/others_536.wav,others
/content/drive/MyDrive/mark4.4/data/test/others_537.wav,others
/content/drive/MyDrive/mark4.4/data/test/others_538.wav,others
/content/drive/MyDrive/mark4.4/data/test/others_539.wav,others
/content/drive/MyDrive/mark4.4/data/test/others_540.wav,others
/content/drive/MyDrive/mark4.4/data/test/others_541.wav,others
/content/drive/MyDrive/mark4.4/data/test/others_542.wav,others
/content/drive/MyDrive/mark4.4/data/test/others_543.wav,others
/content/drive/MyDrive/mark4.4/data/test/others_544.wav,others
/content/drive/MyDrive/mark4.4/data/test/others_545.wav,others
/content/drive/MyDrive/mark4.4/data/test/others_546.wav,others
/content/drive/MyDrive/mark4.4/data/test/others_547.wav,others
/content/drive/MyDrive/mark4.4/data/test/others_548.wav,others
/content/drive/MyDrive/mark4.4/data/test/others_549.wav,others
/content/drive/MyDrive/mark4.4/data/test/others_550.wav,others
/content/drive/MyDrive/mark4.4/data/test/others_551.wav,others
/content/drive/MyDrive/mark4.4/data/test/others_552.wav,others
/content/drive/MyDrive/mark4.4/data/test/others_553.wav,others
/content/drive/MyDrive/mark4.4/data/test/others_554.wav,others
/content/drive/MyDrive/mark4.4/data/test/others_555.wav,others
/content/drive/MyDrive/mark4.4/data/test/others_556.wav,others
/content/drive/MyDrive/mark4.4/data/test/others_557.wav,others
/content/drive/MyDrive/mark4.4/data/test/others_558.wav,others
/content/drive/MyDrive/mark4.4/data/test/others_559.wav,others
/content/drive/MyDrive/mark4.4/data/test/others_560.wav,others
/content/drive/MyDrive/mark4.4/data/test/others_561.wav,others
/content/drive/MyDrive/mark4.4/data/test/others_562.wav,others
/content/drive/MyDrive/mark4.4/data/test/others_563.wav,others
/content/drive/MyDrive/mark4.4/data/test/others_564.wav,others
/content/drive/MyDrive/mark4.4/data/test/others_565.wav,others
/content/drive/MyDrive/mark4.4/data/test/others_566.wav,others
/content/drive/MyDrive/mark4.4/data/test/others_567.wav,others
/content/drive/MyDrive/mark4.4/data/test/others_568.wav,others
/content/drive/MyDrive/mark4.4/data/test/others_569.wav,others
/content/drive/MyDrive/mark4.4/data/test/others_570.wav,others
/content/drive/MyDrive/mark4.4/data/test/others_571.wav,others
/content/drive/MyDrive/mark4.4/data/test/others_572.wav,others
/content/drive/MyDrive/mark4.4/data/test/others_573.wav,others
/content/drive/MyDrive/mark4.4/data/test/others_574.wav,others
/content/drive/MyDrive/mark4.4/data/test/others_575.wav,others
/content/drive/MyDrive/mark4.4/data/test/others_576.wav,others
/content/drive/MyDrive/mark4.4/data/test/others_577.wav,others
/content/drive/MyDrive/mark4.4/data/test/others_578.wav,others
/content/drive/MyDrive/mark4.4/data/test/others_579.wav,others
/content/drive/MyDrive/mark4.4/data/test/others_580.wav,others
/content/drive/MyDrive/mark4.4/data/test/others_581.wav,others
/content/drive/MyDrive/mark4.4/data/test/others_582.wav,others
/content/drive/MyDrive/mark4.4/data/test/others_583.wav,others
/content/drive/MyDrive/mark4.4/data/test/others_584.wav,others
/content/drive/MyDrive/mark4.4/data/test/others_585.wav,others
/content/drive/MyDrive/mark4.4/data/test/others_586.wav,others
/content/drive/MyDrive/mark4.4/data/test/others_587.wav,others
/content/drive/MyDrive/mark4.4/data/test/others_588.wav,others
/content/drive/MyDrive/mark4.4/data/test/others_589.wav,others
/content/drive/MyDrive/mark4.4/data/test/others_590.wav,others
/content/drive/MyDrive/mark4.4/data/test/others_591.wav,others
/content/drive/MyDrive/mark4.4/data/test/others_592.wav,others
/content/drive/MyDrive/mark4.4/data/test/others_593.wav,others
/content/drive/MyDrive/mark4.4/data/test/others_594.wav,others
/content/drive/MyDrive/mark4.4/data/test/others_595.wav,others
/content/drive/MyDrive/mark4.4/data/test/others_596.wav,others
/content/drive/MyDrive/mark4.4/data/test/others_597.wav,others
/content/drive/MyDrive/mark4.4/data/test/others_598.wav,others
/content/drive/MyDrive/mark4.4/data/test/others_599.wav,others
/content/drive/MyDrive/mark4.4/data/test/others_600.wav,others
/content/drive/MyDrive/mark4.4/data/train/machine_noise_1.wav,machine_noise
/content/drive/MyDrive/mark4.4/data/train/machine_noise_10.wav,machine_noise
/content/drive/MyDrive/mark4.4/data/train/machine_noise_100.wav,machine_noise
/content/drive/MyDrive/mark4.4/data/train/machine_noise_101.wav,machine_noise
/content/drive/MyDrive/mark4.4/data/train/machine_noise_102.wav,machine_noise
/content/drive/MyDrive/mark4.4/data/train/machine_noise_103.wav,machine_noise
/content/drive/MyDrive/mark4.4/data/train/machine_noise_104.wav,machine_noise
/content/drive/MyDrive/mark4.4/data/train/machine_noise_105.wav,machine_noise
/content/drive/MyDrive/mark4.4/data/train/machine_noise_106.wav,machine_noise
/content/drive/MyDrive/mark4.4/data/train/machine_noise_107.wav,machine_noise
/content/drive/MyDrive/mark4.4/data/train/machine_noise_108.wav,machine_noise
/content/drive/MyDrive/mark4.4/data/train/machine_noise_109.wav,machine_noise
/content/drive/MyDrive/mark4.4/data/train/machine_noise_11.wav,machine_noise
/content/drive/MyDrive/mark4.4/data/train/machine_noise_110.wav,machine_noise
/content/drive/MyDrive/mark4.4/data/train/machine_noise_111.wav,machine_noise
/content/drive/MyDrive/mark4.4/data/train/machine_noise_112.wav,machine_noise
/content/drive/MyDrive/mark4.4/data/train/machine_noise_113.wav,machine_noise
/content/drive/MyDrive/mark4.4/data/train/machine_noise_114.wav,machine_noise
/content/drive/MyDrive/mark4.4/data/train/machine_noise_115.wav,machine_noise
/content/drive/MyDrive/mark4.4/data/train/machine_noise_116.wav,machine_noise
/content/drive/MyDrive/mark4.4/data/train/machine_noise_117.wav,machine_noise
/content/drive/MyDrive/mark4.4/data/train/machine_noise_118.wav,machine_noise
/content/drive/MyDrive/mark4.4/data/train/machine_noise_119.wav,machine_noise
/content/drive/MyDrive/mark4.4/data/train/machine_noise_12.wav,machine_noise
/content/drive/MyDrive/mark4.4/data/train/machine_noise_120.wav,machine_noise
/content/drive/MyDrive/mark4.4/data/train/machine_noise_121.wav,machine_noise
/content/drive/MyDrive/mark4.4/data/train/machine_noise_122.wav,machine_noise
/content/drive/MyDrive/mark4.4/data/train/machine_noise_123.wav,machine_noise
/content/drive/MyDrive/mark4.4/data/train/machine_noise_124.wav,machine_noise
/content/drive/MyDrive/mark4.4/data/train/machine_noise_125.wav,machine_noise
/content/drive/MyDrive/mark4.4/data/train/machine_noise_126.wav,machine_noise
/content/drive/MyDrive/mark4.4/data/train/machine_noise_127.wav,machine_noise
/content/drive/MyDrive/mark4.4/data/train/machine_noise_128.wav,machine_noise
/content/drive/MyDrive/mark4.4/data/train/machine_noise_129.wav,machine_noise
/content/drive/MyDrive/mark4.4/data/train/machine_noise_13.wav,machine_noise
/content/drive/MyDrive/mark4.4/data/train/machine_noise_130.wav,machine_noise
/content/drive/MyDrive/mark4.4/data/train/machine_noise_131.wav,machine_noise
/content/drive/MyDrive/mark4.4/data/train/machine_noise_132.wav,machine_noise
/content/drive/MyDrive/mark4.4/data/train/machine_noise_133.wav,machine_noise
/content/drive/MyDrive/mark4.4/data/train/machine_noise_134.wav,machine_noise
/content/drive/MyDrive/mark4.4/data/train/machine_noise_135.wav,machine_noise
/content/drive/MyDrive/mark4.4/data/train/machine_noise_136.wav,machine_noise
/content/drive/MyDrive/mark4.4/data/train/machine_noise_137.wav,machine_noise
/content/drive/MyDrive/mark4.4/data/train/machine_noise_138.wav,machine_noise
/content/drive/MyDrive/mark4.4/data/train/machine_noise_139.wav,machine_noise
/content/drive/MyDrive/mark4.4/data/train/machine_noise_14.wav,machine_noise
/content/drive/MyDrive/mark4.4/data/train/machine_noise_140.wav,machine_noise
/content/drive/MyDrive/mark4.4/data/train/machine_noise_141.wav,machine_noise
/content/drive/MyDrive/mark4.4/data/train/machine_noise_142.wav,machine_noise
/content/drive/MyDrive/mark4.4/data/train/machine_noise_143.wav,machine_noise
/content/drive/MyDrive/mark4.4/data/train/machine_noise_144.wav,machine_noise
/content/drive/MyDrive/mark4.4/data/train/machine_noise_145.wav,machine_noise
/content/drive/MyDrive/mark4.4/data/train/machine_noise_146.wav,machine_noise
/content/drive/MyDrive/mark4.4/data/train/machine_noise_147.wav,machine_noise
/content/drive/MyDrive/mark4.4/data/train/machine_noise_148.wav,machine_noise
/content/drive/MyDrive/mark4.4/data/train/machine_noise_149.wav,machine_noise
/content/drive/MyDrive/mark4.4/data/train/machine_noise_15.wav,machine_noise
/content/drive/MyDrive/mark4.4/data/train/machine_noise_150.wav,machine_noise
/content/drive/MyDrive/mark4.4/data/train/machine_noise_151.wav,machine_noise
/content/drive/MyDrive/mark4.4/data/train/machine_noise_152.wav,machine_noise
/content/drive/MyDrive/mark4.4/data/train/machine_noise_153.wav,machine_noise
/content/drive/MyDrive/mark4.4/data/train/machine_noise_154.wav,machine_noise
/content/drive/MyDrive/mark4.4/data/train/machine_noise_155.wav,machine_noise
/content/drive/MyDrive/mark4.4/data/train/machine_noise_156.wav,machine_noise
/content/drive/MyDrive/mark4.4/data/train/machine_noise_157.wav,machine_noise
/content/drive/MyDrive/mark4.4/data/train/machine_noise_158.wav,machine_noise
/content/drive/MyDrive/mark4.4/data/train/machine_noise_159.wav,machine_noise
/content/drive/MyDrive/mark4.4/data/train/machine_noise_16.wav,machine_noise
/content/drive/MyDrive/mark4.4/data/train/machine_noise_160.wav,machine_noise
/content/drive/MyDrive/mark4.4/data/train/machine_noise_161.wav,machine_noise
/content/drive/MyDrive/mark4.4/data/train/machine_noise_162.wav,machine_noise
/content/drive/MyDrive/mark4.4/data/train/machine_noise_163.wav,machine_noise
/content/drive/MyDrive/mark4.4/data/train/machine_noise_164.wav,machine_noise
/content/drive/MyDrive/mark4.4/data/train/machine_noise_165.wav,machine_noise
/content/drive/MyDrive/mark4.4/data/train/machine_noise_166.wav,machine_noise
/content/drive/MyDrive/mark4.4/data/train/machine_noise_167.wav,machine_noise
/content/drive/MyDrive/mark4.4/data/train/machine_noise_168.wav,machine_noise
/content/drive/MyDrive/mark4.4/data/train/machine_noise_169.wav,machine_noise
/content/drive/MyDrive/mark4.4/data/train/machine_noise_17.wav,machine_noise
/content/drive/MyDrive/mark4.4/data/train/machine_noise_170.wav,machine_noise
/content/drive/MyDrive/mark4.4/data/train/machine_noise_171.wav,machine_noise
/content/drive/MyDrive/mark4.4/data/train/machine_noise_172.wav,machine_noise
/content/drive/MyDrive/mark4.4/data/train/machine_noise_173.wav,machine_noise
/content/drive/MyDrive/mark4.4/data/train/machine_noise_174.wav,machine_noise
/content/drive/MyDrive/mark4.4/data/train/machine_noise_175.wav,machine_noise
/content/drive/MyDrive/mark4.4/data/train/machine_noise_176.wav,machine_noise
/content/drive/MyDrive/mark4.4/data/train/machine_noise_177.wav,machine_noise
/content/drive/MyDrive/mark4.4/data/train/machine_noise_178.wav,machine_noise
/content/drive/MyDrive/mark4.4/data/train/machine_noise_179.wav,machine_noise
/content/drive/MyDrive/mark4.4/data/train/machine_noise_18.wav,machine_noise
/content/drive/MyDrive/mark4.4/data/train/machine_noise_180.wav,machine_noise
/content/drive/MyDrive/mark4.4/data/train/machine_noise_181.wav,machine_noise
/content/drive/MyDrive/mark4.4/data/train/machine_noise_182.wav,machine_noise
/content/drive/MyDrive/mark4.4/data/train/machine_noise_183.wav,machine_noise
/content/drive/MyDrive/mark4.4/data/train/machine_noise_184.wav,machine_noise
/content/drive/MyDrive/mark4.4/data/train/machine_noise_185.wav,machine_noise
/content/drive/MyDrive/mark4.4/data/train/machine_noise_186.wav,machine_noise
/content/drive/MyDrive/mark4.4/data/train/machine_noise_187.wav,machine_noise
/content/drive/MyDrive/mark4.4/data/train/machine_noise_188.wav,machine_noise
/content/drive/MyDrive/mark4.4/data/train/machine_noise_189.wav,machine_noise
/content/drive/MyDrive/mark4.4/data/train/machine_noise_19.wav,machine_noise
/content/drive/MyDrive/mark4.4/data/train/machine_noise_190.wav,machine_noise
/content/drive/MyDrive/mark4.4/data/train/machine_noise_191.wav,machine_noise
/content/drive/MyDrive/mark4.4/data/train/machine_noise_192.wav,machine_noise
/content/drive/MyDrive/mark4.4/data/train/machine_noise_193.wav,machine_noise
/content/drive/MyDrive/mark4.4/data/train/machine_noise_194.wav,machine_noise
/content/drive/MyDrive/mark4.4/data/train/machine_noise_195.wav,machine_noise
/content/drive/MyDrive/mark4.4/data/train/machine_noise_196.wav,machine_noise
/content/drive/MyDrive/mark4.4/data/train/machine_noise_197.wav,machine_noise
/content/drive/MyDrive/mark4.4/data/train/machine_noise_198.wav,machine_noise
/content/drive/MyDrive/mark4.4/data/train/machine_noise_199.wav,machine_noise
/content/drive/MyDrive/mark4.4/data/train/machine_noise_2.wav,machine_noise
/content/drive/MyDrive/mark4.4/data/train/machine_noise_20.wav,machine_noise
/content/drive/MyDrive/mark4.4/data/train/machine_noise_200.wav,machine_noise
/content/drive/MyDrive/mark4.4/data/train/machine_noise_201.wav,machine_noise
/content/drive/MyDrive/mark4.4/data/train/machine_noise_202.wav,machine_noise
/content/drive/MyDrive/mark4.4/data/train/machine_noise_203.wav,machine_noise
/content/drive/MyDrive/mark4.4/data/train/machine_noise_204.wav,machine_noise
/content/drive/MyDrive/mark4.4/data/train/machine_noise_205.wav,machine_noise
/content/drive/MyDrive/mark4.4/data/train/machine_noise_206.wav,machine_noise
/content/drive/MyDrive/mark4.4/data/train/machine_noise_207.wav,machine_noise
/content/drive/MyDrive/mark4.4/data/train/machine_noise_208.wav,machine_noise
/content/drive/MyDrive/mark4.4/data/train/machine_noise_209.wav,machine_noise
/content/drive/MyDrive/mark4.4/data/train/machine_noise_21.wav,machine_noise
/content/drive/MyDrive/mark4.4/data/train/machine_noise_210.wav,machine_noise
/content/drive/MyDrive/mark4.4/data/train/machine_noise_211.wav,machine_noise
/content/drive/MyDrive/mark4.4/data/train/machine_noise_212.wav,machine_noise
/content/drive/MyDrive/mark4.4/data/train/machine_noise_213.wav,machine_noise
/content/drive/MyDrive/mark4.4/data/train/machine_noise_214.wav,machine_noise
/content/drive/MyDrive/mark4.4/data/train/machine_noise_215.wav,machine_noise
/content/drive/MyDrive/mark4.4/data/train/machine_noise_216.wav,machine_noise
/content/drive/MyDrive/mark4.4/data/train/machine_noise_217.wav,machine_noise
/content/drive/MyDrive/mark4.4/data/train/machine_noise_218.wav,machine_noise
/content/drive/MyDrive/mark4.4/data/train/machine_noise_219.wav,machine_noise
/content/drive/MyDrive/mark4.4/data/train/machine_noise_22.wav,machine_noise
/content/drive/MyDrive/mark4.4/data/train/machine_noise_220.wav,machine_noise
/content/drive/MyDrive/mark4.4/data/train/machine_noise_221.wav,machine_noise
/content/drive/MyDrive/mark4.4/data/train/machine_noise_222.wav,machine_noise
/content/drive/MyDrive/mark4.4/data/train/machine_noise_223.wav,machine_noise
/content/drive/MyDrive/mark4.4/data/train/machine_noise_224.wav,machine_noise
/content/drive/MyDrive/mark4.4/data/train/machine_noise_225.wav,machine_noise
/content/drive/MyDrive/mark4.4/data/train/machine_noise_226.wav,machine_noise
/content/drive/MyDrive/mark4.4/data/train/machine_noise_227.wav,machine_noise
/content/drive/MyDrive/mark4.4/data/train/machine_noise_228.wav,machine_noise
/content/drive/MyDrive/mark4.4/data/train/machine_noise_229.wav,machine_noise
/content/drive/MyDrive/mark4.4/data/train/machine_noise_23.wav,machine_noise
/content/drive/MyDrive/mark4.4/data/train/machine_noise_230.wav,machine_noise
/content/drive/MyDrive/mark4.4/data/train/machine_noise_231.wav,machine_noise
/content/drive/MyDrive/mark4.4/data/train/machine_noise_232.wav,machine_noise
/content/drive/MyDrive/mark4.4/data/train/machine_noise_233.wav,machine_noise
/content/drive/MyDrive/mark4.4/data/train/machine_noise_234.wav,machine_noise
/content/drive/MyDrive/mark4.4/data/train/machine_noise_235.wav,machine_noise
/content/drive/MyDrive/mark4.4/data/train/machine_noise_236.wav,machine_noise
/content/drive/MyDrive/mark4.4/data/train/machine_noise_237.wav,machine_noise
/content/drive/MyDrive/mark4.4/data/train/machine_noise_238.wav,machine_noise
/content/drive/MyDrive/mark4.4/data/train/machine_noise_239.wav,machine_noise
/content/drive/MyDrive/mark4.4/data/train/machine_noise_24.wav,machine_noise
/content/drive/MyDrive/mark4.4/data/train/machine_noise_240.wav,machine_noise
/content/drive/MyDrive/mark4.4/data/train/machine_noise_241.wav,machine_noise
/content/drive/MyDrive/mark4.4/data/train/machine_noise_242.wav,machine_noise
/content/drive/MyDrive/mark4.4/data/train/machine_noise_243.wav,machine_noise
/content/drive/MyDrive/mark4.4/data/train/machine_noise_244.wav,machine_noise
/content/drive/MyDrive/mark4.4/data/train/machine_noise_245.wav,machine_noise
/content/drive/MyDrive/mark4.4/data/train/machine_noise_246.wav,machine_noise
/content/drive/MyDrive/mark4.4/data/train/machine_noise_247.wav,machine_noise
/content/drive/MyDrive/mark4.4/data/train/machine_noise_248.wav,machine_noise
/content/drive/MyDrive/mark4.4/data/train/machine_noise_249.wav,machine_noise
/content/drive/MyDrive/mark4.4/data/train/machine_noise_25.wav,machine_noise
/content/drive/MyDrive/mark4.4/data/train/machine_noise_250.wav,machine_noise
/content/drive/MyDrive/mark4.4/data/train/machine_noise_251.wav,machine_noise
/content/drive/MyDrive/mark4.4/data/train/machine_noise_252.wav,machine_noise
/content/drive/MyDrive/mark4.4/data/train/machine_noise_253.wav,machine_noise
/content/drive/MyDrive/mark4.4/data/train/machine_noise_254.wav,machine_noise
/content/drive/MyDrive/mark4.4/data/train/machine_noise_255.wav,machine_noise
/content/drive/MyDrive/mark4.4/data/train/machine_noise_256.wav,machine_noise
/content/drive/MyDrive/mark4.4/data/train/machine_noise_257.wav,machine_noise
/content/drive/MyDrive/mark4.4/data/train/machine_noise_258.wav,machine_noise
/content/drive/MyDrive/mark4.4/data/train/machine_noise_259.wav,machine_noise
/content/drive/MyDrive/mark4.4/data/train/machine_noise_26.wav,machine_noise
/content/drive/MyDrive/mark4.4/data/train/machine_noise_260.wav,machine_noise
/content/drive/MyDrive/mark4.4/data/train/machine_noise_261.wav,machine_noise
/content/drive/MyDrive/mark4.4/data/train/machine_noise_262.wav,machine_noise
/content/drive/MyDrive/mark4.4/data/train/machine_noise_263.wav,machine_noise
/content/drive/MyDrive/mark4.4/data/train/machine_noise_264.wav,machine_noise
/content/drive/MyDrive/mark4.4/data/train/machine_noise_265.wav,machine_noise
/content/drive/MyDrive/mark4.4/data/train/machine_noise_266.wav,machine_noise
/content/drive/MyDrive/mark4.4/data/train/machine_noise_267.wav,machine_noise
/content/drive/MyDrive/mark4.4/data/train/machine_noise_268.wav,machine_noise
/content/drive/MyDrive/mark4.4/data/train/machine_noise_269.wav,machine_noise
/content/drive/MyDrive/mark4.4/data/train/machine_noise_27.wav,machine_noise
/content/drive/MyDrive/mark4.4/data/train/machine_noise_270.wav,machine_noise
/content/drive/MyDrive/mark4.4/data/train/machine_noise_271.wav,machine_noise
/content/drive/MyDrive/mark4.4/data/train/machine_noise_272.wav,machine_noise
/content/drive/MyDrive/mark4.4/data/train/machine_noise_273.wav,machine_noise
/content/drive/MyDrive/mark4.4/data/train/machine_noise_274.wav,machine_noise
/content/drive/MyDrive/mark4.4/data/train/machine_noise_275.wav,machine_noise
/content/drive/MyDrive/mark4.4/data/train/machine_noise_276.wav,machine_noise
/content/drive/MyDrive/mark4.4/data/train/machine_noise_277.wav,machine_noise
/content/drive/MyDrive/mark4.4/data/train/machine_noise_278.wav,machine_noise
/content/drive/MyDrive/mark4.4/data/train/machine_noise_279.wav,machine_noise
/content/drive/MyDrive/mark4.4/data/train/machine_noise_28.wav,machine_noise
/content/drive/MyDrive/mark4.4/data/train/machine_noise_280.wav,machine_noise
/content/drive/MyDrive/mark4.4/data/train/machine_noise_281.wav,machine_noise
/content/drive/MyDrive/mark4.4/data/train/machine_noise_282.wav,machine_noise
/content/drive/MyDrive/mark4.4/data/train/machine_noise_283.wav,machine_noise
/content/drive/MyDrive/mark4.4/data/train/machine_noise_284.wav,machine_noise
/content/drive/MyDrive/mark4.4/data/train/machine_noise_285.wav,machine_noise
/content/drive/MyDrive/mark4.4/data/train/machine_noise_286.wav,machine_noise
/content/drive/MyDrive/mark4.4/data/train/machine_noise_287.wav,machine_noise
/content/drive/MyDrive/mark4.4/data/train/machine_noise_288.wav,machine_noise
/content/drive/MyDrive/mark4.4/data/train/machine_noise_289.wav,machine_noise
/content/drive/MyDrive/mark4.4/data/train/machine_noise_29.wav,machine_noise
/content/drive/MyDrive/mark4.4/data/train/machine_noise_290.wav,machine_noise
/content/drive/MyDrive/mark4.4/data/train/machine_noise_291.wav,machine_noise
/content/drive/MyDrive/mark4.4/data/train/machine_noise_292.wav,machine_noise
/content/drive/MyDrive/mark4.4/data/train/machine_noise_293.wav,machine_noise
/content/drive/MyDrive/mark4.4/data/train/machine_noise_294.wav,machine_noise
/content/drive/MyDrive/mark4.4/data/train/machine_noise_295.wav,machine_noise
/content/drive/MyDrive/mark4.4/data/train/machine_noise_296.wav,machine_noise
/content/drive/MyDrive/mark4.4/data/train/machine_noise_297.wav,machine_noise
/content/drive/MyDrive/mark4.4/data/train/machine_noise_298.wav,machine_noise
/content/drive/MyDrive/mark4.4/data/train/machine_noise_299.wav,machine_noise
/content/drive/MyDrive/mark4.4/data/train/machine_noise_3.wav,machine_noise
/content/drive/MyDrive/mark4.4/data/train/machine_noise_30.wav,machine_noise
/content/drive/MyDrive/mark4.4/data/train/machine_noise_300.wav,machine_noise
/content/drive/MyDrive/mark4.4/data/train/machine_noise_301.wav,machine_noise
/content/drive/MyDrive/mark4.4/data/train/machine_noise_302.wav,machine_noise
/content/drive/MyDrive/mark4.4/data/train/machine_noise_303.wav,machine_noise
/content/drive/MyDrive/mark4.4/data/train/machine_noise_304.wav,machine_noise
/content/drive/MyDrive/mark4.4/data/train/machine_noise_305.wav,machine_noise
/content/drive/MyDrive/mark4.4/data/train/machine_noise_306.wav,machine_noise
/content/drive/MyDrive/mark4.4/data/train/machine_noise_307.wav,machine_noise
/content/drive/MyDrive/mark4.4/data/train/machine_noise_308.wav,machine_noise
/content/drive/MyDrive/mark4.4/data/train/machine_noise_309.wav,machine_noise
/content/drive/MyDrive/mark4.4/data/train/machine_noise_31.wav,machine_noise
/content/drive/MyDrive/mark4.4/data/train/machine_noise_310.wav,machine_noise
/content/drive/MyDrive/mark4.4/data/train/machine_noise_311.wav,machine_noise
/content/drive/MyDrive/mark4.4/data/train/machine_noise_312.wav,machine_noise
/content/drive/MyDrive/mark4.4/data/train/machine_noise_313.wav,machine_noise
/content/drive/MyDrive/mark4.4/data/train/machine_noise_314.wav,machine_noise
/content/drive/MyDrive/mark4.4/data/train/machine_noise_315.wav,machine_noise
/content/drive/MyDrive/mark4.4/data/train/machine_noise_316.wav,machine_noise
/content/drive/MyDrive/mark4.4/data/train/machine_noise_317.wav,machine_noise
/content/drive/MyDrive/mark4.4/data/train/machine_noise_318.wav,machine_noise
/content/drive/MyDrive/mark4.4/data/train/machine_noise_319.wav,machine_noise
/content/drive/MyDrive/mark4.4/data/train/machine_noise_32.wav,machine_noise
/content/drive/MyDrive/mark4.4/data/train/machine_noise_320.wav,machine_noise
/content/drive/MyDrive/mark4.4/data/train/machine_noise_321.wav,machine_noise
/content/drive/MyDrive/mark4.4/data/train/machine_noise_322.wav,machine_noise
/content/drive/MyDrive/mark4.4/data/train/machine_noise_323.wav,machine_noise
/content/drive/MyDrive/mark4.4/data/train/machine_noise_324.wav,machine_noise
/content/drive/MyDrive/mark4.4/data/train/machine_noise_325.wav,machine_noise
/content/drive/MyDrive/mark4.4/data/train/machine_noise_326.wav,machine_noise
/content/drive/MyDrive/mark4.4/data/train/machine_noise_327.wav,machine_noise
/content/drive/MyDrive/mark4.4/data/train/machine_noise_328.wav,machine_noise
/content/drive/MyDrive/mark4.4/data/train/machine_noise_329.wav,machine_noise
/content/drive/MyDrive/mark4.4/data/train/machine_noise_33.wav,machine_noise
/content/drive/MyDrive/mark4.4/data/train/machine_noise_330.wav,machine_noise
/content/drive/MyDrive/mark4.4/data/train/machine_noise_331.wav,machine_noise
/content/drive/MyDrive/mark4.4/data/train/machine_noise_332.wav,machine_noise
/content/drive/MyDrive/mark4.4/data/train/machine_noise_333.wav,machine_noise
/content/drive/MyDrive/mark4.4/data/train/machine_noise_334.wav,machine_noise
/content/drive/MyDrive/mark4.4/data/train/machine_noise_335.wav,machine_noise
/content/drive/MyDrive/mark4.4/data/train/machine_noise_336.wav,machine_noise
/content/drive/MyDrive/mark4.4/data/train/machine_noise_337.wav,machine_noise
/content/drive/MyDrive/mark4.4/data/train/machine_noise_338.wav,machine_noise
/content/drive/MyDrive/mark4.4/data/train/machine_noise_339.wav,machine_noise
/content/drive/MyDrive/mark4.4/data/train/machine_noise_34.wav,machine_noise
/content/drive/MyDrive/mark4.4/data/train/machine_noise_340.wav,machine_noise
/content/drive/MyDrive/mark4.4/data/train/machine_noise_341.wav,machine_noise
/content/drive/MyDrive/mark4.4/data/train/machine_noise_342.wav,machine_noise
/content/drive/MyDrive/mark4.4/data/train/machine_noise_343.wav,machine_noise
/content/drive/MyDrive/mark4.4/data/train/machine_noise_344.wav,machine_noise
/content/drive/MyDrive/mark4.4/data/train/machine_noise_345.wav,machine_noise
/content/drive/MyDrive/mark4.4/data/train/machine_noise_346.wav,machine_noise
/content/drive/MyDrive/mark4.4/data/train/machine_noise_347.wav,machine_noise
/content/drive/MyDrive/mark4.4/data/train/machine_noise_348.wav,machine_noise
/content/drive/MyDrive/mark4.4/data/train/machine_noise_349.wav,machine_noise
/content/drive/MyDrive/mark4.4/data/train/machine_noise_35.wav,machine_noise
/content/drive/MyDrive/mark4.4/data/train/machine_noise_350.wav,machine_noise
/content/drive/MyDrive/mark4.4/data/train/machine_noise_351.wav,machine_noise
/content/drive/MyDrive/mark4.4/data/train/machine_noise_352.wav,machine_noise
/content/drive/MyDrive/mark4.4/data/train/machine_noise_353.wav,machine_noise
/content/drive/MyDrive/mark4.4/data/train/machine_noise_354.wav,machine_noise
/content/drive/MyDrive/mark4.4/data/train/machine_noise_355.wav,machine_noise
/content/drive/MyDrive/mark4.4/data/train/machine_noise_356.wav,machine_noise
/content/drive/MyDrive/mark4.4/data/train/machine_noise_357.wav,machine_noise
/content/drive/MyDrive/mark4.4/data/train/machine_noise_358.wav,machine_noise
/content/drive/MyDrive/mark4.4/data/train/machine_noise_359.wav,machine_noise
/content/drive/MyDrive/mark4.4/data/train/machine_noise_36.wav,machine_noise
/content/drive/MyDrive/mark4.4/data/train/machine_noise_360.wav,machine_noise
/content/drive/MyDrive/mark4.4/data/train/machine_noise_361.wav,machine_noise
/content/drive/MyDrive/mark4.4/data/train/machine_noise_362.wav,machine_noise
/content/drive/MyDrive/mark4.4/data/train/machine_noise_363.wav,machine_noise
/content/drive/MyDrive/mark4.4/data/train/machine_noise_364.wav,machine_noise
/content/drive/MyDrive/mark4.4/data/train/machine_noise_365.wav,machine_noise
/content/drive/MyDrive/mark4.4/data/train/machine_noise_366.wav,machine_noise
/content/drive/MyDrive/mark4.4/data/train/machine_noise_367.wav,machine_noise
/content/drive/MyDrive/mark4.4/data/train/machine_noise_368.wav,machine_noise
/content/drive/MyDrive/mark4.4/data/train/machine_noise_369.wav,machine_noise
/content/drive/MyDrive/mark4.4/data/train/machine_noise_37.wav,machine_noise
/content/drive/MyDrive/mark4.4/data/train/machine_noise_370.wav,machine_noise
/content/drive/MyDrive/mark4.4/data/train/machine_noise_371.wav,machine_noise
/content/drive/MyDrive/mark4.4/data/train/machine_noise_372.wav,machine_noise
/content/drive/MyDrive/mark4.4/data/train/machine_noise_373.wav,machine_noise
/content/drive/MyDrive/mark4.4/data/train/machine_noise_374.wav,machine_noise
/content/drive/MyDrive/mark4.4/data/train/machine_noise_375.wav,machine_noise
/content/drive/MyDrive/mark4.4/data/train/machine_noise_376.wav,machine_noise
/content/drive/MyDrive/mark4.4/data/train/machine_noise_377.wav,machine_noise
/content/drive/MyDrive/mark4.4/data/train/machine_noise_378.wav,machine_noise
/content/drive/MyDrive/mark4.4/data/train/machine_noise_379.wav,machine_noise
/content/drive/MyDrive/mark4.4/data/train/machine_noise_38.wav,machine_noise
/content/drive/MyDrive/mark4.4/data/train/machine_noise_380.wav,machine_noise
/content/drive/MyDrive/mark4.4/data/train/machine_noise_381.wav,machine_noise
/content/drive/MyDrive/mark4.4/data/train/machine_noise_382.wav,machine_noise
/content/drive/MyDrive/mark4.4/data/train/machine_noise_383.wav,machine_noise
/content/drive/MyDrive/mark4.4/data/train/machine_noise_384.wav,machine_noise
/content/drive/MyDrive/mark4.4/data/train/machine_noise_385.wav,machine_noise
/content/drive/MyDrive/mark4.4/data/train/machine_noise_386.wav,machine_noise
/content/drive/MyDrive/mark4.4/data/train/machine_noise_387.wav,machine_noise
/content/drive/MyDrive/mark4.4/data/train/machine_noise_388.wav,machine_noise
/content/drive/MyDrive/mark4.4/data/train/machine_noise_389.wav,machine_noise
/content/drive/MyDrive/mark4.4/data/train/machine_noise_39.wav,machine_noise
/content/drive/MyDrive/mark4.4/data/train/machine_noise_390.wav,machine_noise
/content/drive/MyDrive/mark4.4/data/train/machine_noise_391.wav,machine_noise
/content/drive/MyDrive/mark4.4/data/train/machine_noise_392.wav,machine_noise
/content/drive/MyDrive/mark4.4/data/train/machine_noise_393.wav,machine_noise
/content/drive/MyDrive/mark4.4/data/train/machine_noise_394.wav,machine_noise
/content/drive/MyDrive/mark4.4/data/train/machine_noise_395.wav,machine_noise
/content/drive/MyDrive/mark4.4/data/train/machine_noise_396.wav,machine_noise
/content/drive/MyDrive/mark4.4/data/train/machine_noise_397.wav,machine_noise
/content/drive/MyDrive/mark4.4/data/train/machine_noise_398.wav,machine_noise
/content/drive/MyDrive/mark4.4/data/train/machine_noise_399.wav,machine_noise
/content/drive/MyDrive/mark4.4/data/train/machine_noise_4.wav,machine_noise
/content/drive/MyDrive/mark4.4/data/train/machine_noise_40.wav,machine_noise
/content/drive/MyDrive/mark4.4/data/train/machine_noise_400.wav,machine_noise
/content/drive/MyDrive/mark4.4/data/train/machine_noise_401.wav,machine_noise
/content/drive/MyDrive/mark4.4/data/train/machine_noise_402.wav,machine_noise
/content/drive/MyDrive/mark4.4/data/train/machine_noise_403.wav,machine_noise
/content/drive/MyDrive/mark4.4/data/train/machine_noise_404.wav,machine_noise
/content/drive/MyDrive/mark4.4/data/train/machine_noise_405.wav,machine_noise
/content/drive/MyDrive/mark4.4/data/train/machine_noise_406.wav,machine_noise
/content/drive/MyDrive/mark4.4/data/train/machine_noise_407.wav,machine_noise
/content/drive/MyDrive/mark4.4/data/train/machine_noise_408.wav,machine_noise
/content/drive/MyDrive/mark4.4/data/train/machine_noise_409.wav,machine_noise
/content/drive/MyDrive/mark4.4/data/train/machine_noise_41.wav,machine_noise
/content/drive/MyDrive/mark4.4/data/train/machine_noise_410.wav,machine_noise
/content/drive/MyDrive/mark4.4/data/train/machine_noise_411.wav,machine_noise
/content/drive/MyDrive/mark4.4/data/train/machine_noise_412.wav,machine_noise
/content/drive/MyDrive/mark4.4/data/train/machine_noise_413.wav,machine_noise
/content/drive/MyDrive/mark4.4/data/train/machine_noise_414.wav,machine_noise
/content/drive/MyDrive/mark4.4/data/train/machine_noise_415.wav,machine_noise
/content/drive/MyDrive/mark4.4/data/train/machine_noise_416.wav,machine_noise
/content/drive/MyDrive/mark4.4/data/train/machine_noise_417.wav,machine_noise
/content/drive/MyDrive/mark4.4/data/train/machine_noise_418.wav,machine_noise
/content/drive/MyDrive/mark4.4/data/train/machine_noise_419.wav,machine_noise
/content/drive/MyDrive/mark4.4/data/train/machine_noise_42.wav,machine_noise
/content/drive/MyDrive/mark4.4/data/train/machine_noise_420.wav,machine_noise
/content/drive/MyDrive/mark4.4/data/train/machine_noise_421.wav,machine_noise
/content/drive/MyDrive/mark4.4/data/train/machine_noise_422.wav,machine_noise
/content/drive/MyDrive/mark4.4/data/train/machine_noise_423.wav,machine_noise
/content/drive/MyDrive/mark4.4/data/train/machine_noise_424.wav,machine_noise
/content/drive/MyDrive/mark4.4/data/train/machine_noise_425.wav,machine_noise
/content/drive/MyDrive/mark4.4/data/train/machine_noise_426.wav,machine_noise
/content/drive/MyDrive/mark4.4/data/train/machine_noise_427.wav,machine_noise
/content/drive/MyDrive/mark4.4/data/train/machine_noise_428.wav,machine_noise
/content/drive/MyDrive/mark4.4/data/train/machine_noise_429.wav,machine_noise
/content/drive/MyDrive/mark4.4/data/train/machine_noise_43.wav,machine_noise
/content/drive/MyDrive/mark4.4/data/train/machine_noise_430.wav,machine_noise
/content/drive/MyDrive/mark4.4/data/train/machine_noise_431.wav,machine_noise
/content/drive/MyDrive/mark4.4/data/train/machine_noise_432.wav,machine_noise
/content/drive/MyDrive/mark4.4/data/train/machine_noise_433.wav,machine_noise
/content/drive/MyDrive/mark4.4/data/train/machine_noise_434.wav,machine_noise
/content/drive/MyDrive/mark4.4/data/train/machine_noise_435.wav,machine_noise
/content/drive/MyDrive/mark4.4/data/train/machine_noise_436.wav,machine_noise
/content/drive/MyDrive/mark4.4/data/train/machine_noise_437.wav,machine_noise
/content/drive/MyDrive/mark4.4/data/train/machine_noise_438.wav,machine_noise
/content/drive/MyDrive/mark4.4/data/train/machine_noise_439.wav,machine_noise
/content/drive/MyDrive/mark4.4/data/train/machine_noise_44.wav,machine_noise
/content/drive/MyDrive/mark4.4/data/train/machine_noise_440.wav,machine_noise
/content/drive/MyDrive/mark4.4/data/train/machine_noise_441.wav,machine_noise
/content/drive/MyDrive/mark4.4/data/train/machine_noise_442.wav,machine_noise
/content/drive/MyDrive/mark4.4/data/train/machine_noise_443.wav,machine_noise
/content/drive/MyDrive/mark4.4/data/train/machine_noise_444.wav,machine_noise
/content/drive/MyDrive/mark4.4/data/train/machine_noise_445.wav,machine_noise
/content/drive/MyDrive/mark4.4/data/train/machine_noise_446.wav,machine_noise
/content/drive/MyDrive/mark4.4/data/train/machine_noise_447.wav,machine_noise
/content/drive/MyDrive/mark4.4/data/train/machine_noise_448.wav,machine_noise
/content/drive/MyDrive/mark4.4/data/train/machine_noise_449.wav,machine_noise
/content/drive/MyDrive/mark4.4/data/train/machine_noise_45.wav,machine_noise
/content/drive/MyDrive/mark4.4/data/train/machine_noise_450.wav,machine_noise
/content/drive/MyDrive/mark4.4/data/train/machine_noise_451.wav,machine_noise
/content/drive/MyDrive/mark4.4/data/train/machine_noise_452.wav,machine_noise
/content/drive/MyDrive/mark4.4/data/train/machine_noise_453.wav,machine_noise
/content/drive/MyDrive/mark4.4/data/train/machine_noise_454.wav,machine_noise
/content/drive/MyDrive/mark4.4/data/train/machine_noise_455.wav,machine_noise
/content/drive/MyDrive/mark4.4/data/train/machine_noise_456.wav,machine_noise
/content/drive/MyDrive/mark4.4/data/train/machine_noise_457.wav,machine_noise
/content/drive/MyDrive/mark4.4/data/train/machine_noise_458.wav,machine_noise
/content/drive/MyDrive/mark4.4/data/train/machine_noise_459.wav,machine_noise
/content/drive/MyDrive/mark4.4/data/train/machine_noise_46.wav,machine_noise
/content/drive/MyDrive/mark4.4/data/train/machine_noise_460.wav,machine_noise
/content/drive/MyDrive/mark4.4/data/train/machine_noise_461.wav,machine_noise
/content/drive/MyDrive/mark4.4/data/train/machine_noise_462.wav,machine_noise
/content/drive/MyDrive/mark4.4/data/train/machine_noise_463.wav,machine_noise
/content/drive/MyDrive/mark4.4/data/train/machine_noise_464.wav,machine_noise
/content/drive/MyDrive/mark4.4/data/train/machine_noise_465.wav,machine_noise
/content/drive/MyDrive/mark4.4/data/train/machine_noise_466.wav,machine_noise
/content/drive/MyDrive/mark4.4/data/train/machine_noise_467.wav,machine_noise
/content/drive/MyDrive/mark4.4/data/train/machine_noise_468.wav,machine_noise
/content/drive/MyDrive/mark4.4/data/train/machine_noise_469.wav,machine_noise
/content/drive/MyDrive/mark4.4/data/train/machine_noise_47.wav,machine_noise
/content/drive/MyDrive/mark4.4/data/train/machine_noise_470.wav,machine_noise
/content/drive/MyDrive/mark4.4/data/train/machine_noise_471.wav,machine_noise
/content/drive/MyDrive/mark4.4/data/train/machine_noise_472.wav,machine_noise
/content/drive/MyDrive/mark4.4/data/train/machine_noise_473.wav,machine_noise
/content/drive/MyDrive/mark4.4/data/train/machine_noise_474.wav,machine_noise
/content/drive/MyDrive/mark4.4/data/train/machine_noise_475.wav,machine_noise
/content/drive/MyDrive/mark4.4/data/train/machine_noise_476.wav,machine_noise
/content/drive/MyDrive/mark4.4/data/train/machine_noise_477.wav,machine_noise
/content/drive/MyDrive/mark4.4/data/train/machine_noise_478.wav,machine_noise
/content/drive/MyDrive/mark4.4/data/train/machine_noise_479.wav,machine_noise
/content/drive/MyDrive/mark4.4/data/train/machine_noise_48.wav,machine_noise
/content/drive/MyDrive/mark4.4/data/train/machine_noise_480.wav,machine_noise
/content/drive/MyDrive/mark4.4/data/train/machine_noise_481.wav,machine_noise
/content/drive/MyDrive/mark4.4/data/train/machine_noise_482.wav,machine_noise
/content/drive/MyDrive/mark4.4/data/train/machine_noise_483.wav,machine_noise
/content/drive/MyDrive/mark4.4/data/train/machine_noise_484.wav,machine_noise
/content/drive/MyDrive/mark4.4/data/train/machine_noise_485.wav,machine_noise
/content/drive/MyDrive/mark4.4/data/train/machine_noise_486.wav,machine_noise
/content/drive/MyDrive/mark4.4/data/train/machine_noise_487.wav,machine_noise
/content/drive/MyDrive/mark4.4/data/train/machine_noise_488.wav,machine_noise
/content/drive/MyDrive/mark4.4/data/train/machine_noise_489.wav,machine_noise
/content/drive/MyDrive/mark4.4/data/train/machine_noise_49.wav,machine_noise
/content/drive/MyDrive/mark4.4/data/train/machine_noise_490.wav,machine_noise
/content/drive/MyDrive/mark4.4/data/train/machine_noise_491.wav,machine_noise
/content/drive/MyDrive/mark4.4/data/train/machine_noise_492.wav,machine_noise
/content/drive/MyDrive/mark4.4/data/train/machine_noise_493.wav,machine_noise
/content/drive/MyDrive/mark4.4/data/train/machine_noise_494.wav,machine_noise
/content/drive/MyDrive/mark4.4/data/train/machine_noise_495.wav,machine_noise
/content/drive/MyDrive/mark4.4/data/train/machine_noise_496.wav,machine_noise
/content/drive/MyDrive/mark4.4/data/train/machine_noise_497.wav,machine_noise
/content/drive/MyDrive/mark4.4/data/train/machine_noise_498.wav,machine_noise
/content/drive/MyDrive/mark4.4/data/train/machine_noise_499.wav,machine_noise
/content/drive/MyDrive/mark4.4/data/train/machine_noise_5.wav,machine_noise
/content/drive/MyDrive/mark4.4/data/train/machine_noise_50.wav,machine_noise
/content/drive/MyDrive/mark4.4/data/train/machine_noise_500.wav,machine_noise
/content/drive/MyDrive/mark4.4/data/train/machine_noise_51.wav,machine_noise
/content/drive/MyDrive/mark4.4/data/train/machine_noise_52.wav,machine_noise
/content/drive/MyDrive/mark4.4/data/train/machine_noise_53.wav,machine_noise
/content/drive/MyDrive/mark4.4/data/train/machine_noise_54.wav,machine_noise
/content/drive/MyDrive/mark4.4/data/train/machine_noise_55.wav,machine_noise
/content/drive/MyDrive/mark4.4/data/train/machine_noise_56.wav,machine_noise
/content/drive/MyDrive/mark4.4/data/train/machine_noise_57.wav,machine_noise
/content/drive/MyDrive/mark4.4/data/train/machine_noise_58.wav,machine_noise
/content/drive/MyDrive/mark4.4/data/train/machine_noise_59.wav,machine_noise
/content/drive/MyDrive/mark4.4/data/train/machine_noise_6.wav,machine_noise
/content/drive/MyDrive/mark4.4/data/train/machine_noise_60.wav,machine_noise
/content/drive/MyDrive/mark4.4/data/train/machine_noise_61.wav,machine_noise
/content/drive/MyDrive/mark4.4/data/train/machine_noise_62.wav,machine_noise
/content/drive/MyDrive/mark4.4/data/train/machine_noise_63.wav,machine_noise
/content/drive/MyDrive/mark4.4/data/train/machine_noise_64.wav,machine_noise
/content/drive/MyDrive/mark4.4/data/train/machine_noise_65.wav,machine_noise
/content/drive/MyDrive/mark4.4/data/train/machine_noise_66.wav,machine_noise
/content/drive/MyDrive/mark4.4/data/train/machine_noise_67.wav,machine_noise
/content/drive/MyDrive/mark4.4/data/train/machine_noise_68.wav,machine_noise
/content/drive/MyDrive/mark4.4/data/train/machine_noise_69.wav,machine_noise
/content/drive/MyDrive/mark4.4/data/train/machine_noise_7.wav,machine_noise
/content/drive/MyDrive/mark4.4/data/train/machine_noise_70.wav,machine_noise
/content/drive/MyDrive/mark4.4/data/train/machine_noise_71.wav,machine_noise
/content/drive/MyDrive/mark4.4/data/train/machine_noise_72.wav,machine_noise
/content/drive/MyDrive/mark4.4/data/train/machine_noise_73.wav,machine_noise
/content/drive/MyDrive/mark4.4/data/train/machine_noise_74.wav,machine_noise
/content/drive/MyDrive/mark4.4/data/train/machine_noise_75.wav,machine_noise
/content/drive/MyDrive/mark4.4/data/train/machine_noise_76.wav,machine_noise
/content/drive/MyDrive/mark4.4/data/train/machine_noise_77.wav,machine_noise
/content/drive/MyDrive/mark4.4/data/train/machine_noise_78.wav,machine_noise
/content/drive/MyDrive/mark4.4/data/train/machine_noise_79.wav,machine_noise
/content/drive/MyDrive/mark4.4/data/train/machine_noise_8.wav,machine_noise
/content/drive/MyDrive/mark4.4/data/train/machine_noise_80.wav,machine_noise
/content/drive/MyDrive/mark4.4/data/train/machine_noise_81.wav,machine_noise
/content/drive/MyDrive/mark4.4/data/train/machine_noise_82.wav,machine_noise
/content/drive/MyDrive/mark4.4/data/train/machine_noise_83.wav,machine_noise
/content/drive/MyDrive/mark4.4/data/train/machine_noise_84.wav,machine_noise
/content/drive/MyDrive/mark4.4/data/train/machine_noise_85.wav,machine_noise
/content/drive/MyDrive/mark4.4/data/train/machine_noise_86.wav,machine_noise
/content/drive/MyDrive/mark4.4/data/train/machine_noise_87.wav,machine_noise
/content/drive/MyDrive/mark4.4/data/train/machine_noise_88.wav,machine_noise
/content/drive/MyDrive/mark4.4/data/train/machine_noise_89.wav,machine_noise
/content/drive/MyDrive/mark4.4/data/train/machine_noise_9.wav,machine_noise
/content/drive/MyDrive/mark4.4/data/train/machine_noise_90.wav,machine_noise
/content/drive/MyDrive/mark4.4/data/train/machine_noise_91.wav,machine_noise
/content/drive/MyDrive/mark4.4/data/train/machine_noise_92.wav,machine_noise
/content/drive/MyDrive/mark4.4/data/train/machine_noise_93.wav,machine_noise
/content/drive/MyDrive/mark4.4/data/train/machine_noise_94.wav,machine_noise
/content/drive/MyDrive/mark4.4/data/train/machine_noise_95.wav,machine_noise
/content/drive/MyDrive/mark4.4/data/train/machine_noise_96.wav,machine_noise
/content/drive/MyDrive/mark4.4/data/train/machine_noise_97.wav,machine_noise
/content/drive/MyDrive/mark4.4/data/train/machine_noise_98.wav,machine_noise
/content/drive/MyDrive/mark4.4/data/train/machine_noise_99.wav,machine_noise
/content/drive/MyDrive/mark4.4/data/train/others_1.wav,others
/content/drive/MyDrive/mark4.4/data/train/others_10.wav,others
/content/drive/MyDrive/mark4.4/data/train/others_100.wav,others
/content/drive/MyDrive/mark4.4/data/train/others_101.wav,others
/content/drive/MyDrive/mark4.4/data/train/others_102.wav,others
/content/drive/MyDrive/mark4.4/data/train/others_103.wav,others
/content/drive/MyDrive/mark4.4/data/train/others_104.wav,others
/content/drive/MyDrive/mark4.4/data/train/others_105.wav,others
/content/drive/MyDrive/mark4.4/data/train/others_106.wav,others
/content/drive/MyDrive/mark4.4/data/train/others_107.wav,others
/content/drive/MyDrive/mark4.4/data/train/others_108.wav,others
/content/drive/MyDrive/mark4.4/data/train/others_109.wav,others
/content/drive/MyDrive/mark4.4/data/train/others_11.wav,others
/content/drive/MyDrive/mark4.4/data/train/others_110.wav,others
/content/drive/MyDrive/mark4.4/data/train/others_111.wav,others
/content/drive/MyDrive/mark4.4/data/train/others_112.wav,others
/content/drive/MyDrive/mark4.4/data/train/others_113.wav,others
/content/drive/MyDrive/mark4.4/data/train/others_114.wav,others
/content/drive/MyDrive/mark4.4/data/train/others_115.wav,others
/content/drive/MyDrive/mark4.4/data/train/others_116.wav,others
/content/drive/MyDrive/mark4.4/data/train/others_117.wav,others
/content/drive/MyDrive/mark4.4/data/train/others_118.wav,others
/content/drive/MyDrive/mark4.4/data/train/others_119.wav,others
/content/drive/MyDrive/mark4.4/data/train/others_12.wav,others
/content/drive/MyDrive/mark4.4/data/train/others_120.wav,others
/content/drive/MyDrive/mark4.4/data/train/others_121.wav,others
/content/drive/MyDrive/mark4.4/data/train/others_122.wav,others
/content/drive/MyDrive/mark4.4/data/train/others_123.wav,others
/content/drive/MyDrive/mark4.4/data/train/others_124.wav,others
/content/drive/MyDrive/mark4.4/data/train/others_125.wav,others
/content/drive/MyDrive/mark4.4/data/train/others_126.wav,others
/content/drive/MyDrive/mark4.4/data/train/others_127.wav,others
/content/drive/MyDrive/mark4.4/data/train/others_128.wav,others
/content/drive/MyDrive/mark4.4/data/train/others_129.wav,others
/content/drive/MyDrive/mark4.4/data/train/others_13.wav,others
/content/drive/MyDrive/mark4.4/data/train/others_130.wav,others
/content/drive/MyDrive/mark4.4/data/train/others_131.wav,others
/content/drive/MyDrive/mark4.4/data/train/others_132.wav,others
/content/drive/MyDrive/mark4.4/data/train/others_133.wav,others
/content/drive/MyDrive/mark4.4/data/train/others_134.wav,others
/content/drive/MyDrive/mark4.4/data/train/others_135.wav,others
/content/drive/MyDrive/mark4.4/data/train/others_136.wav,others
/content/drive/MyDrive/mark4.4/data/train/others_137.wav,others
/content/drive/MyDrive/mark4.4/data/train/others_138.wav,others
/content/drive/MyDrive/mark4.4/data/train/others_139.wav,others
/content/drive/MyDrive/mark4.4/data/train/others_14.wav,others
/content/drive/MyDrive/mark4.4/data/train/others_140.wav,others
/content/drive/MyDrive/mark4.4/data/train/others_141.wav,others
/content/drive/MyDrive/mark4.4/data/train/others_142.wav,others
/content/drive/MyDrive/mark4.4/data/train/others_143.wav,others
/content/drive/MyDrive/mark4.4/data/train/others_144.wav,others
/content/drive/MyDrive/mark4.4/data/train/others_145.wav,others
/content/drive/MyDrive/mark4.4/data/train/others_146.wav,others
/content/drive/MyDrive/mark4.4/data/train/others_147.wav,others
/content/drive/MyDrive/mark4.4/data/train/others_148.wav,others
/content/drive/MyDrive/mark4.4/data/train/others_149.wav,others
/content/drive/MyDrive/mark4.4/data/train/others_15.wav,others
/content/drive/MyDrive/mark4.4/data/train/others_150.wav,others
/content/drive/MyDrive/mark4.4/data/train/others_151.wav,others
/content/drive/MyDrive/mark4.4/data/train/others_152.wav,others
/content/drive/MyDrive/mark4.4/data/train/others_153.wav,others
/content/drive/MyDrive/mark4.4/data/train/others_154.wav,others
/content/drive/MyDrive/mark4.4/data/train/others_155.wav,others
/content/drive/MyDrive/mark4.4/data/train/others_156.wav,others
/content/drive/MyDrive/mark4.4/data/train/others_157.wav,others
/content/drive/MyDrive/mark4.4/data/train/others_158.wav,others
/content/drive/MyDrive/mark4.4/data/train/others_159.wav,others
/content/drive/MyDrive/mark4.4/data/train/others_16.wav,others
/content/drive/MyDrive/mark4.4/data/train/others_160.wav,others
/content/drive/MyDrive/mark4.4/data/train/others_161.wav,others
/content/drive/MyDrive/mark4.4/data/train/others_162.wav,others
/content/drive/MyDrive/mark4.4/data/train/others_163.wav,others
/content/drive/MyDrive/mark4.4/data/train/others_164.wav,others
/content/drive/MyDrive/mark4.4/data/train/others_165.wav,others
/content/drive/MyDrive/mark4.4/data/train/others_166.wav,others
/content/drive/MyDrive/mark4.4/data/train/others_167.wav,others
/content/drive/MyDrive/mark4.4/data/train/others_168.wav,others
/content/drive/MyDrive/mark4.4/data/train/others_169.wav,others
/content/drive/MyDrive/mark4.4/data/train/others_17.wav,others
/content/drive/MyDrive/mark4.4/data/train/others_170.wav,others
/content/drive/MyDrive/mark4.4/data/train/others_171.wav,others
/content/drive/MyDrive/mark4.4/data/train/others_172.wav,others
/content/drive/MyDrive/mark4.4/data/train/others_173.wav,others
/content/drive/MyDrive/mark4.4/data/train/others_174.wav,others
/content/drive/MyDrive/mark4.4/data/train/others_175.wav,others
/content/drive/MyDrive/mark4.4/data/train/others_176.wav,others
/content/drive/MyDrive/mark4.4/data/train/others_177.wav,others
/content/drive/MyDrive/mark4.4/data/train/others_178.wav,others
/content/drive/MyDrive/mark4.4/data/train/others_179.wav,others
/content/drive/MyDrive/mark4.4/data/train/others_18.wav,others
/content/drive/MyDrive/mark4.4/data/train/others_180.wav,others
/content/drive/MyDrive/mark4.4/data/train/others_181.wav,others
/content/drive/MyDrive/mark4.4/data/train/others_182.wav,others
/content/drive/MyDrive/mark4.4/data/train/others_183.wav,others
/content/drive/MyDrive/mark4.4/data/train/others_184.wav,others
/content/drive/MyDrive/mark4.4/data/train/others_185.wav,others
/content/drive/MyDrive/mark4.4/data/train/others_186.wav,others
/content/drive/MyDrive/mark4.4/data/train/others_187.wav,others
/content/drive/MyDrive/mark4.4/data/train/others_188.wav,others
/content/drive/MyDrive/mark4.4/data/train/others_189.wav,others
/content/drive/MyDrive/mark4.4/data/train/others_19.wav,others
/content/drive/MyDrive/mark4.4/data/train/others_190.wav,others
/content/drive/MyDrive/mark4.4/data/train/others_191.wav,others
/content/drive/MyDrive/mark4.4/data/train/others_192.wav,others
/content/drive/MyDrive/mark4.4/data/train/others_193.wav,others
/content/drive/MyDrive/mark4.4/data/train/others_194.wav,others
/content/drive/MyDrive/mark4.4/data/train/others_195.wav,others
/content/drive/MyDrive/mark4.4/data/train/others_196.wav,others
/content/drive/MyDrive/mark4.4/data/train/others_197.wav,others
/content/drive/MyDrive/mark4.4/data/train/others_198.wav,others
/content/drive/MyDrive/mark4.4/data/train/others_199.wav,others
/content/drive/MyDrive/mark4.4/data/train/others_2.wav,others
/content/drive/MyDrive/mark4.4/data/train/others_20.wav,others
/content/drive/MyDrive/mark4.4/data/train/others_200.wav,others
/content/drive/MyDrive/mark4.4/data/train/others_201.wav,others
/content/drive/MyDrive/mark4.4/data/train/others_202.wav,others
/content/drive/MyDrive/mark4.4/data/train/others_203.wav,others
/content/drive/MyDrive/mark4.4/data/train/others_204.wav,others
/content/drive/MyDrive/mark4.4/data/train/others_205.wav,others
/content/drive/MyDrive/mark4.4/data/train/others_206.wav,others
/content/drive/MyDrive/mark4.4/data/train/others_207.wav,others
/content/drive/MyDrive/mark4.4/data/train/others_208.wav,others
/content/drive/MyDrive/mark4.4/data/train/others_209.wav,others
/content/drive/MyDrive/mark4.4/data/train/others_21.wav,others
/content/drive/MyDrive/mark4.4/data/train/others_210.wav,others
/content/drive/MyDrive/mark4.4/data/train/others_211.wav,others
/content/drive/MyDrive/mark4.4/data/train/others_212.wav,others
/content/drive/MyDrive/mark4.4/data/train/others_213.wav,others
/content/drive/MyDrive/mark4.4/data/train/others_214.wav,others
/content/drive/MyDrive/mark4.4/data/train/others_215.wav,others
/content/drive/MyDrive/mark4.4/data/train/others_216.wav,others
/content/drive/MyDrive/mark4.4/data/train/others_217.wav,others
/content/drive/MyDrive/mark4.4/data/train/others_218.wav,others
/content/drive/MyDrive/mark4.4/data/train/others_219.wav,others
/content/drive/MyDrive/mark4.4/data/train/others_22.wav,others
/content/drive/MyDrive/mark4.4/data/train/others_220.wav,others
/content/drive/MyDrive/mark4.4/data/train/others_221.wav,others
/content/drive/MyDrive/mark4.4/data/train/others_222.wav,others
/content/drive/MyDrive/mark4.4/data/train/others_223.wav,others
/content/drive/MyDrive/mark4.4/data/train/others_224.wav,others
/content/drive/MyDrive/mark4.4/data/train/others_225.wav,others
/content/drive/MyDrive/mark4.4/data/train/others_226.wav,others
/content/drive/MyDrive/mark4.4/data/train/others_227.wav,others
/content/drive/MyDrive/mark4.4/data/train/others_228.wav,others
/content/drive/MyDrive/mark4.4/data/train/others_229.wav,others
/content/drive/MyDrive/mark4.4/data/train/others_23.wav,others
/content/drive/MyDrive/mark4.4/data/train/others_230.wav,others
/content/drive/MyDrive/mark4.4/data/train/others_231.wav,others
/content/drive/MyDrive/mark4.4/data/train/others_232.wav,others
/content/drive/MyDrive/mark4.4/data/train/others_233.wav,others
/content/drive/MyDrive/mark4.4/data/train/others_234.wav,others
/content/drive/MyDrive/mark4.4/data/train/others_235.wav,others
/content/drive/MyDrive/mark4.4/data/train/others_236.wav,others
/content/drive/MyDrive/mark4.4/data/train/others_237.wav,others
/content/drive/MyDrive/mark4.4/data/train/others_238.wav,others
/content/drive/MyDrive/mark4.4/data/train/others_239.wav,others
/content/drive/MyDrive/mark4.4/data/train/others_24.wav,others
/content/drive/MyDrive/mark4.4/data/train/others_240.wav,others
/content/drive/MyDrive/mark4.4/data/train/others_241.wav,others
/content/drive/MyDrive/mark4.4/data/train/others_242.wav,others
/content/drive/MyDrive/mark4.4/data/train/others_243.wav,others
/content/drive/MyDrive/mark4.4/data/train/others_244.wav,others
/content/drive/MyDrive/mark4.4/data/train/others_245.wav,others
/content/drive/MyDrive/mark4.4/data/train/others_246.wav,others
/content/drive/MyDrive/mark4.4/data/train/others_247.wav,others
/content/drive/MyDrive/mark4.4/data/train/others_248.wav,others
/content/drive/MyDrive/mark4.4/data/train/others_249.wav,others
/content/drive/MyDrive/mark4.4/data/train/others_25.wav,others
/content/drive/MyDrive/mark4.4/data/train/others_250.wav,others
/content/drive/MyDrive/mark4.4/data/train/others_251.wav,others
/content/drive/MyDrive/mark4.4/data/train/others_252.wav,others
/content/drive/MyDrive/mark4.4/data/train/others_253.wav,others
/content/drive/MyDrive/mark4.4/data/train/others_254.wav,others
/content/drive/MyDrive/mark4.4/data/train/others_255.wav,others
/content/drive/MyDrive/mark4.4/data/train/others_256.wav,others
/content/drive/MyDrive/mark4.4/data/train/others_257.wav,others
/content/drive/MyDrive/mark4.4/data/train/others_258.wav,others
/content/drive/MyDrive/mark4.4/data/train/others_259.wav,others
/content/drive/MyDrive/mark4.4/data/train/others_26.wav,others
/content/drive/MyDrive/mark4.4/data/train/others_260.wav,others
/content/drive/MyDrive/mark4.4/data/train/others_261.wav,others
/content/drive/MyDrive/mark4.4/data/train/others_262.wav,others
/content/drive/MyDrive/mark4.4/data/train/others_263.wav,others
/content/drive/MyDrive/mark4.4/data/train/others_264.wav,others
/content/drive/MyDrive/mark4.4/data/train/others_265.wav,others
/content/drive/MyDrive/mark4.4/data/train/others_266.wav,others
/content/drive/MyDrive/mark4.4/data/train/others_267.wav,others
/content/drive/MyDrive/mark4.4/data/train/others_268.wav,others
/content/drive/MyDrive/mark4.4/data/train/others_269.wav,others
/content/drive/MyDrive/mark4.4/data/train/others_27.wav,others
/content/drive/MyDrive/mark4.4/data/train/others_270.wav,others
/content/drive/MyDrive/mark4.4/data/train/others_271.wav,others
/content/drive/MyDrive/mark4.4/data/train/others_272.wav,others
/content/drive/MyDrive/mark4.4/data/train/others_273.wav,others
/content/drive/MyDrive/mark4.4/data/train/others_274.wav,others
/content/drive/MyDrive/mark4.4/data/train/others_275.wav,others
/content/drive/MyDrive/mark4.4/data/train/others_276.wav,others
/content/drive/MyDrive/mark4.4/data/train/others_277.wav,others
/content/drive/MyDrive/mark4.4/data/train/others_278.wav,others
/content/drive/MyDrive/mark4.4/data/train/others_279.wav,others
/content/drive/MyDrive/mark4.4/data/train/others_28.wav,others
/content/drive/MyDrive/mark4.4/data/train/others_280.wav,others
/content/drive/MyDrive/mark4.4/data/train/others_281.wav,others
/content/drive/MyDrive/mark4.4/data/train/others_282.wav,others
/content/drive/MyDrive/mark4.4/data/train/others_283.wav,others
/content/drive/MyDrive/mark4.4/data/train/others_284.wav,others
/content/drive/MyDrive/mark4.4/data/train/others_285.wav,others
/content/drive/MyDrive/mark4.4/data/train/others_286.wav,others
/content/drive/MyDrive/mark4.4/data/train/others_287.wav,others
/content/drive/MyDrive/mark4.4/data/train/others_288.wav,others
/content/drive/MyDrive/mark4.4/data/train/others_289.wav,others
/content/drive/MyDrive/mark4.4/data/train/others_29.wav,others
/content/drive/MyDrive/mark4.4/data/train/others_290.wav,others
/content/drive/MyDrive/mark4.4/data/train/others_291.wav,others
/content/drive/MyDrive/mark4.4/data/train/others_292.wav,others
/content/drive/MyDrive/mark4.4/data/train/others_293.wav,others
/content/drive/MyDrive/mark4.4/data/train/others_294.wav,others
/content/drive/MyDrive/mark4.4/data/train/others_295.wav,others
/content/drive/MyDrive/mark4.4/data/train/others_296.wav,others
/content/drive/MyDrive/mark4.4/data/train/others_297.wav,others
/content/drive/MyDrive/mark4.4/data/train/others_298.wav,others
/content/drive/MyDrive/mark4.4/data/train/others_299.wav,others
/content/drive/MyDrive/mark4.4/data/train/others_3.wav,others
/content/drive/MyDrive/mark4.4/data/train/others_30.wav,others
/content/drive/MyDrive/mark4.4/data/train/others_300.wav,others
/content/drive/MyDrive/mark4.4/data/train/others_301.wav,others
/content/drive/MyDrive/mark4.4/data/train/others_302.wav,others
/content/drive/MyDrive/mark4.4/data/train/others_303.wav,others
/content/drive/MyDrive/mark4.4/data/train/others_304.wav,others
/content/drive/MyDrive/mark4.4/data/train/others_305.wav,others
/content/drive/MyDrive/mark4.4/data/train/others_306.wav,others
/content/drive/MyDrive/mark4.4/data/train/others_307.wav,others
/content/drive/MyDrive/mark4.4/data/train/others_308.wav,others
/content/drive/MyDrive/mark4.4/data/train/others_309.wav,others
/content/drive/MyDrive/mark4.4/data/train/others_31.wav,others
/content/drive/MyDrive/mark4.4/data/train/others_310.wav,others
/content/drive/MyDrive/mark4.4/data/train/others_311.wav,others
/content/drive/MyDrive/mark4.4/data/train/others_312.wav,others
/content/drive/MyDrive/mark4.4/data/train/others_313.wav,others
/content/drive/MyDrive/mark4.4/data/train/others_314.wav,others
/content/drive/MyDrive/mark4.4/data/train/others_315.wav,others
/content/drive/MyDrive/mark4.4/data/train/others_316.wav,others
/content/drive/MyDrive/mark4.4/data/train/others_317.wav,others
/content/drive/MyDrive/mark4.4/data/train/others_318.wav,others
/content/drive/MyDrive/mark4.4/data/train/others_319.wav,others
/content/drive/MyDrive/mark4.4/data/train/others_32.wav,others
/content/drive/MyDrive/mark4.4/data/train/others_320.wav,others
/content/drive/MyDrive/mark4.4/data/train/others_321.wav,others
/content/drive/MyDrive/mark4.4/data/train/others_322.wav,others
/content/drive/MyDrive/mark4.4/data/train/others_323.wav,others
/content/drive/MyDrive/mark4.4/data/train/others_324.wav,others
/content/drive/MyDrive/mark4.4/data/train/others_325.wav,others
/content/drive/MyDrive/mark4.4/data/train/others_326.wav,others
/content/drive/MyDrive/mark4.4/data/train/others_327.wav,others
/content/drive/MyDrive/mark4.4/data/train/others_328.wav,others
/content/drive/MyDrive/mark4.4/data/train/others_329.wav,others
/content/drive/MyDrive/mark4.4/data/train/others_33.wav,others
/content/drive/MyDrive/mark4.4/data/train/others_330.wav,others
/content/drive/MyDrive/mark4.4/data/train/others_331.wav,others
/content/drive/MyDrive/mark4.4/data/train/others_332.wav,others
/content/drive/MyDrive/mark4.4/data/train/others_333.wav,others
/content/drive/MyDrive/mark4.4/data/train/others_334.wav,others
/content/drive/MyDrive/mark4.4/data/train/others_335.wav,others
/content/drive/MyDrive/mark4.4/data/train/others_336.wav,others
/content/drive/MyDrive/mark4.4/data/train/others_337.wav,others
/content/drive/MyDrive/mark4.4/data/train/others_338.wav,others
/content/drive/MyDrive/mark4.4/data/train/others_339.wav,others
/content/drive/MyDrive/mark4.4/data/train/others_34.wav,others
/content/drive/MyDrive/mark4.4/data/train/others_340.wav,others
/content/drive/MyDrive/mark4.4/data/train/others_341.wav,others
/content/drive/MyDrive/mark4.4/data/train/others_342.wav,others
/content/drive/MyDrive/mark4.4/data/train/others_343.wav,others
/content/drive/MyDrive/mark4.4/data/train/others_344.wav,others
/content/drive/MyDrive/mark4.4/data/train/others_345.wav,others
/content/drive/MyDrive/mark4.4/data/train/others_346.wav,others
/content/drive/MyDrive/mark4.4/data/train/others_347.wav,others
/content/drive/MyDrive/mark4.4/data/train/others_348.wav,others
/content/drive/MyDrive/mark4.4/data/train/others_349.wav,others
/content/drive/MyDrive/mark4.4/data/train/others_35.wav,others
/content/drive/MyDrive/mark4.4/data/train/others_350.wav,others
/content/drive/MyDrive/mark4.4/data/train/others_351.wav,others
/content/drive/MyDrive/mark4.4/data/train/others_352.wav,others
/content/drive/MyDrive/mark4.4/data/train/others_353.wav,others
/content/drive/MyDrive/mark4.4/data/train/others_354.wav,others
/content/drive/MyDrive/mark4.4/data/train/others_355.wav,others
/content/drive/MyDrive/mark4.4/data/train/others_356.wav,others
/content/drive/MyDrive/mark4.4/data/train/others_357.wav,others
/content/drive/MyDrive/mark4.4/data/train/others_358.wav,others
/content/drive/MyDrive/mark4.4/data/train/others_359.wav,others
/content/drive/MyDrive/mark4.4/data/train/others_36.wav,others
/content/drive/MyDrive/mark4.4/data/train/others_360.wav,others
/content/drive/MyDrive/mark4.4/data/train/others_361.wav,others
/content/drive/MyDrive/mark4.4/data/train/others_362.wav,others
/content/drive/MyDrive/mark4.4/data/train/others_363.wav,others
/content/drive/MyDrive/mark4.4/data/train/others_364.wav,others
/content/drive/MyDrive/mark4.4/data/train/others_365.wav,others
/content/drive/MyDrive/mark4.4/data/train/others_366.wav,others
/content/drive/MyDrive/mark4.4/data/train/others_367.wav,others
/content/drive/MyDrive/mark4.4/data/train/others_368.wav,others
/content/drive/MyDrive/mark4.4/data/train/others_369.wav,others
/content/drive/MyDrive/mark4.4/data/train/others_37.wav,others
/content/drive/MyDrive/mark4.4/data/train/others_370.wav,others
/content/drive/MyDrive/mark4.4/data/train/others_371.wav,others
/content/drive/MyDrive/mark4.4/data/train/others_372.wav,others
/content/drive/MyDrive/mark4.4/data/train/others_373.wav,others
/content/drive/MyDrive/mark4.4/data/train/others_374.wav,others
/content/drive/MyDrive/mark4.4/data/train/others_375.wav,others
/content/drive/MyDrive/mark4.4/data/train/others_376.wav,others
/content/drive/MyDrive/mark4.4/data/train/others_377.wav,others
/content/drive/MyDrive/mark4.4/data/train/others_378.wav,others
/content/drive/MyDrive/mark4.4/data/train/others_379.wav,others
/content/drive/MyDrive/mark4.4/data/train/others_38.wav,others
/content/drive/MyDrive/mark4.4/data/train/others_380.wav,others
/content/drive/MyDrive/mark4.4/data/train/others_381.wav,others
/content/drive/MyDrive/mark4.4/data/train/others_382.wav,others
/content/drive/MyDrive/mark4.4/data/train/others_383.wav,others
/content/drive/MyDrive/mark4.4/data/train/others_384.wav,others
/content/drive/MyDrive/mark4.4/data/train/others_385.wav,others
/content/drive/MyDrive/mark4.4/data/train/others_386.wav,others
/content/drive/MyDrive/mark4.4/data/train/others_387.wav,others
/content/drive/MyDrive/mark4.4/data/train/others_388.wav,others
/content/drive/MyDrive/mark4.4/data/train/others_389.wav,others
/content/drive/MyDrive/mark4.4/data/train/others_39.wav,others
/content/drive/MyDrive/mark4.4/data/train/others_390.wav,others
/content/drive/MyDrive/mark4.4/data/train/others_391.wav,others
/content/drive/MyDrive/mark4.4/data/train/others_392.wav,others
/content/drive/MyDrive/mark4.4/data/train/others_393.wav,others
/content/drive/MyDrive/mark4.4/data/train/others_394.wav,others
/content/drive/MyDrive/mark4.4/data/train/others_395.wav,others
/content/drive/MyDrive/mark4.4/data/train/others_396.wav,others
/content/drive/MyDrive/mark4.4/data/train/others_397.wav,others
/content/drive/MyDrive/mark4.4/data/train/others_398.wav,others
/content/drive/MyDrive/mark4.4/data/train/others_399.wav,others
/content/drive/MyDrive/mark4.4/data/train/others_4.wav,others
/content/drive/MyDrive/mark4.4/data/train/others_40.wav,others
/content/drive/MyDrive/mark4.4/data/train/others_400.wav,others
/content/drive/MyDrive/mark4.4/data/train/others_401.wav,others
/content/drive/MyDrive/mark4.4/data/train/others_402.wav,others
/content/drive/MyDrive/mark4.4/data/train/others_403.wav,others
/content/drive/MyDrive/mark4.4/data/train/others_404.wav,others
/content/drive/MyDrive/mark4.4/data/train/others_405.wav,others
/content/drive/MyDrive/mark4.4/data/train/others_406.wav,others
/content/drive/MyDrive/mark4.4/data/train/others_407.wav,others
/content/drive/MyDrive/mark4.4/data/train/others_408.wav,others
/content/drive/MyDrive/mark4.4/data/train/others_409.wav,others
/content/drive/MyDrive/mark4.4/data/train/others_41.wav,others
/content/drive/MyDrive/mark4.4/data/train/others_410.wav,others
/content/drive/MyDrive/mark4.4/data/train/others_411.wav,others
/content/drive/MyDrive/mark4.4/data/train/others_412.wav,others
/content/drive/MyDrive/mark4.4/data/train/others_413.wav,others
/content/drive/MyDrive/mark4.4/data/train/others_414.wav,others
/content/drive/MyDrive/mark4.4/data/train/others_415.wav,others
/content/drive/MyDrive/mark4.4/data/train/others_416.wav,others
/content/drive/MyDrive/mark4.4/data/train/others_417.wav,others
/content/drive/MyDrive/mark4.4/data/train/others_418.wav,others
/content/drive/MyDrive/mark4.4/data/train/others_419.wav,others
/content/drive/MyDrive/mark4.4/data/train/others_42.wav,others
/content/drive/MyDrive/mark4.4/data/train/others_420.wav,others
/content/drive/MyDrive/mark4.4/data/train/others_421.wav,others
/content/drive/MyDrive/mark4.4/data/train/others_422.wav,others
/content/drive/MyDrive/mark4.4/data/train/others_423.wav,others
/content/drive/MyDrive/mark4.4/data/train/others_424.wav,others
/content/drive/MyDrive/mark4.4/data/train/others_425.wav,others
/content/drive/MyDrive/mark4.4/data/train/others_426.wav,others
/content/drive/MyDrive/mark4.4/data/train/others_427.wav,others
/content/drive/MyDrive/mark4.4/data/train/others_428.wav,others
/content/drive/MyDrive/mark4.4/data/train/others_429.wav,others
/content/drive/MyDrive/mark4.4/data/train/others_43.wav,others
/content/drive/MyDrive/mark4.4/data/train/others_430.wav,others
/content/drive/MyDrive/mark4.4/data/train/others_431.wav,others
/content/drive/MyDrive/mark4.4/data/train/others_432.wav,others
/content/drive/MyDrive/mark4.4/data/train/others_433.wav,others
/content/drive/MyDrive/mark4.4/data/train/others_434.wav,others
/content/drive/MyDrive/mark4.4/data/train/others_435.wav,others
/content/drive/MyDrive/mark4.4/data/train/others_436.wav,others
/content/drive/MyDrive/mark4.4/data/train/others_437.wav,others
/content/drive/MyDrive/mark4.4/data/train/others_438.wav,others
/content/drive/MyDrive/mark4.4/data/train/others_439.wav,others
/content/drive/MyDrive/mark4.4/data/train/others_44.wav,others
/content/drive/MyDrive/mark4.4/data/train/others_440.wav,others
/content/drive/MyDrive/mark4.4/data/train/others_441.wav,others
/content/drive/MyDrive/mark4.4/data/train/others_442.wav,others
/content/drive/MyDrive/mark4.4/data/train/others_443.wav,others
/content/drive/MyDrive/mark4.4/data/train/others_444.wav,others
/content/drive/MyDrive/mark4.4/data/train/others_445.wav,others
/content/drive/MyDrive/mark4.4/data/train/others_446.wav,others
/content/drive/MyDrive/mark4.4/data/train/others_447.wav,others
/content/drive/MyDrive/mark4.4/data/train/others_448.wav,others
/content/drive/MyDrive/mark4.4/data/train/others_449.wav,others
/content/drive/MyDrive/mark4.4/data/train/others_45.wav,others
/content/drive/MyDrive/mark4.4/data/train/others_450.wav,others
/content/drive/MyDrive/mark4.4/data/train/others_451.wav,others
/content/drive/MyDrive/mark4.4/data/train/others_452.wav,others
/content/drive/MyDrive/mark4.4/data/train/others_453.wav,others
/content/drive/MyDrive/mark4.4/data/train/others_454.wav,others
/content/drive/MyDrive/mark4.4/data/train/others_455.wav,others
/content/drive/MyDrive/mark4.4/data/train/others_456.wav,others
/content/drive/MyDrive/mark4.4/data/train/others_457.wav,others
/content/drive/MyDrive/mark4.4/data/train/others_458.wav,others
/content/drive/MyDrive/mark4.4/data/train/others_459.wav,others
/content/drive/MyDrive/mark4.4/data/train/others_46.wav,others
/content/drive/MyDrive/mark4.4/data/train/others_460.wav,others
/content/drive/MyDrive/mark4.4/data/train/others_461.wav,others
/content/drive/MyDrive/mark4.4/data/train/others_462.wav,others
/content/drive/MyDrive/mark4.4/data/train/others_463.wav,others
/content/drive/MyDrive/mark4.4/data/train/others_464.wav,others
/content/drive/MyDrive/mark4.4/data/train/others_465.wav,others
/content/drive/MyDrive/mark4.4/data/train/others_466.wav,others
/content/drive/MyDrive/mark4.4/data/train/others_467.wav,others
/content/drive/MyDrive/mark4.4/data/train/others_468.wav,others
/content/drive/MyDrive/mark4.4/data/train/others_469.wav,others
/content/drive/MyDrive/mark4.4/data/train/others_47.wav,others
/content/drive/MyDrive/mark4.4/data/train/others_470.wav,others
/content/drive/MyDrive/mark4.4/data/train/others_471.wav,others
/content/drive/MyDrive/mark4.4/data/train/others_472.wav,others
/content/drive/MyDrive/mark4.4/data/train/others_473.wav,others
/content/drive/MyDrive/mark4.4/data/train/others_474.wav,others
/content/drive/MyDrive/mark4.4/data/train/others_475.wav,others
/content/drive/MyDrive/mark4.4/data/train/others_476.wav,others
/content/drive/MyDrive/mark4.4/data/train/others_477.wav,others
/content/drive/MyDrive/mark4.4/data/train/others_478.wav,others
/content/drive/MyDrive/mark4.4/data/train/others_479.wav,others
/content/drive/MyDrive/mark4.4/data/train/others_48.wav,others
/content/drive/MyDrive/mark4.4/data/train/others_480.wav,others
/content/drive/MyDrive/mark4.4/data/train/others_481.wav,others
/content/drive/MyDrive/mark4.4/data/train/others_482.wav,others
/content/drive/MyDrive/mark4.4/data/train/others_483.wav,others
/content/drive/MyDrive/mark4.4/data/train/others_484.wav,others
/content/drive/MyDrive/mark4.4/data/train/others_485.wav,others
/content/drive/MyDrive/mark4.4/data/train/others_486.wav,others
/content/drive/MyDrive/mark4.4/data/train/others_487.wav,others
/content/drive/MyDrive/mark4.4/data/train/others_488.wav,others
/content/drive/MyDrive/mark4.4/data/train/others_489.wav,others
/content/drive/MyDrive/mark4.4/data/train/others_49.wav,others
/content/drive/MyDrive/mark4.4/data/train/others_490.wav,others
/content/drive/MyDrive/mark4.4/data/train/others_491.wav,others
/content/drive/MyDrive/mark4.4/data/train/others_492.wav,others
/content/drive/MyDrive/mark4.4/data/train/others_493.wav,others
/content/drive/MyDrive/mark4.4/data/train/others_494.wav,others
/content/drive/MyDrive/mark4.4/data/train/others_495.wav,others
/content/drive/MyDrive/mark4.4/data/train/others_496.wav,others
/content/drive/MyDrive/mark4.4/data/train/others_497.wav,others
/content/drive/MyDrive/mark4.4/data/train/others_498.wav,others
/content/drive/MyDrive/mark4.4/data/train/others_499.wav,others
/content/drive/MyDrive/mark4.4/data/train/others_5.wav,others
/content/drive/MyDrive/mark4.4/data/train/others_50.wav,others
/content/drive/MyDrive/mark4.4/data/train/others_500.wav,others
/content/drive/MyDrive/mark4.4/data/train/others_51.wav,others
/content/drive/MyDrive/mark4.4/data/train/others_52.wav,others
/content/drive/MyDrive/mark4.4/data/train/others_53.wav,others
/content/drive/MyDrive/mark4.4/data/train/others_54.wav,others
/content/drive/MyDrive/mark4.4/data/train/others_55.wav,others
/content/drive/MyDrive/mark4.4/data/train/others_56.wav,others
/content/drive/MyDrive/mark4.4/data/train/others_57.wav,others
/content/drive/MyDrive/mark4.4/data/train/others_58.wav,others
/content/drive/MyDrive/mark4.4/data/train/others_59.wav,others
/content/drive/MyDrive/mark4.4/data/train/others_6.wav,others
/content/drive/MyDrive/mark4.4/data/train/others_60.wav,others
/content/drive/MyDrive/mark4.4/data/train/others_61.wav,others
/content/drive/MyDrive/mark4.4/data/train/others_62.wav,others
/content/drive/MyDrive/mark4.4/data/train/others_63.wav,others
/content/drive/MyDrive/mark4.4/data/train/others_64.wav,others
/content/drive/MyDrive/mark4.4/data/train/others_65.wav,others
/content/drive/MyDrive/mark4.4/data/train/others_66.wav,others
/content/drive/MyDrive/mark4.4/data/train/others_67.wav,others
/content/drive/MyDrive/mark4.4/data/train/others_68.wav,others
/content/drive/MyDrive/mark4.4/data/train/others_69.wav,others
/content/drive/MyDrive/mark4.4/data/train/others_7.wav,others
/content/drive/MyDrive/mark4.4/data/train/others_70.wav,others
/content/drive/MyDrive/mark4.4/data/train/others_71.wav,others
/content/drive/MyDrive/mark4.4/data/train/others_72.wav,others
/content/drive/MyDrive/mark4.4/data/train/others_73.wav,others
/content/drive/MyDrive/mark4.4/data/train/others_74.wav,others
/content/drive/MyDrive/mark4.4/data/train/others_75.wav,others
/content/drive/MyDrive/mark4.4/data/train/others_76.wav,others
/content/drive/MyDrive/mark4.4/data/train/others_77.wav,others
/content/drive/MyDrive/mark4.4/data/train/others_78.wav,others
/content/drive/MyDrive/mark4.4/data/train/others_79.wav,others
/content/drive/MyDrive/mark4.4/data/train/others_8.wav,others
/content/drive/MyDrive/mark4.4/data/train/others_80.wav,others
/content/drive/MyDrive/mark4.4/data/train/others_81.wav,others
/content/drive/MyDrive/mark4.4/data/train/others_82.wav,others
/content/drive/MyDrive/mark4.4/data/train/others_83.wav,others
/content/drive/MyDrive/mark4.4/data/train/others_84.wav,others
/content/drive/MyDrive/mark4.4/data/train/others_85.wav,others
/content/drive/MyDrive/mark4.4/data/train/others_86.wav,others
/content/drive/MyDrive/mark4.4/data/train/others_87.wav,others
/content/drive/MyDrive/mark4.4/data/train/others_88.wav,others
/content/drive/MyDrive/mark4.4/data/train/others_89.wav,others
/content/drive/MyDrive/mark4.4/data/train/others_9.wav,others
/content/drive/MyDrive/mark4.4/data/train/others_90.wav,others
/content/drive/MyDrive/mark4.4/data/train/others_91.wav,others
/content/drive/MyDrive/mark4.4/data/train/others_92.wav,others
/content/drive/MyDrive/mark4.4/data/train/others_93.wav,others
/content/drive/MyDrive/mark4.4/data/train/others_94.wav,others
/content/drive/MyDrive/mark4.4/data/train/others_95.wav,others
/content/drive/MyDrive/mark4.4/data/train/others_96.wav,others
/content/drive/MyDrive/mark4.4/data/train/others_97.wav,others
/content/drive/MyDrive/mark4.4/data/train/others_98.wav,others
/content/drive/MyDrive/mark4.4/data/train/others_99.wav,others
/content/drive/MyDrive/mark4.4/data/val/machine_noise_601.wav,machine_noise
/content/drive/MyDrive/mark4.4/data/val/machine_noise_602.wav,machine_noise
/content/drive/MyDrive/mark4.4/data/val/machine_noise_603.wav,machine_noise
/content/drive/MyDrive/mark4.4/data/val/machine_noise_604.wav,machine_noise
/content/drive/MyDrive/mark4.4/data/val/machine_noise_605.wav,machine_noise
/content/drive/MyDrive/mark4.4/data/val/machine_noise_606.wav,machine_noise
/content/drive/MyDrive/mark4.4/data/val/machine_noise_607.wav,machine_noise
/content/drive/MyDrive/mark4.4/data/val/machine_noise_608.wav,machine_noise
/content/drive/MyDrive/mark4.4/data/val/machine_noise_609.wav,machine_noise
/content/drive/MyDrive/mark4.4/data/val/machine_noise_610.wav,machine_noise
/content/drive/MyDrive/mark4.4/data/val/machine_noise_611.wav,machine_noise
/content/drive/MyDrive/mark4.4/data/val/machine_noise_612.wav,machine_noise
/content/drive/MyDrive/mark4.4/data/val/machine_noise_613.wav,machine_noise
/content/drive/MyDrive/mark4.4/data/val/machine_noise_614.wav,machine_noise
/content/drive/MyDrive/mark4.4/data/val/machine_noise_615.wav,machine_noise
/content/drive/MyDrive/mark4.4/data/val/machine_noise_616.wav,machine_noise
/content/drive/MyDrive/mark4.4/data/val/machine_noise_617.wav,machine_noise
/content/drive/MyDrive/mark4.4/data/val/machine_noise_618.wav,machine_noise
/content/drive/MyDrive/mark4.4/data/val/machine_noise_619.wav,machine_noise
/content/drive/MyDrive/mark4.4/data/val/machine_noise_620.wav,machine_noise
/content/drive/MyDrive/mark4.4/data/val/machine_noise_621.wav,machine_noise
/content/drive/MyDrive/mark4.4/data/val/machine_noise_622.wav,machine_noise
/content/drive/MyDrive/mark4.4/data/val/machine_noise_623.wav,machine_noise
/content/drive/MyDrive/mark4.4/data/val/machine_noise_624.wav,machine_noise
/content/drive/MyDrive/mark4.4/data/val/machine_noise_625.wav,machine_noise
/content/drive/MyDrive/mark4.4/data/val/machine_noise_626.wav,machine_noise
/content/drive/MyDrive/mark4.4/data/val/machine_noise_627.wav,machine_noise
/content/drive/MyDrive/mark4.4/data/val/machine_noise_628.wav,machine_noise
/content/drive/MyDrive/mark4.4/data/val/machine_noise_629.wav,machine_noise
/content/drive/MyDrive/mark4.4/data/val/machine_noise_630.wav,machine_noise
/content/drive/MyDrive/mark4.4/data/val/machine_noise_631.wav,machine_noise
/content/drive/MyDrive/mark4.4/data/val/machine_noise_632.wav,machine_noise
/content/drive/MyDrive/mark4.4/data/val/machine_noise_633.wav,machine_noise
/content/drive/MyDrive/mark4.4/data/val/machine_noise_634.wav,machine_noise
/content/drive/MyDrive/mark4.4/data/val/machine_noise_635.wav,machine_noise
/content/drive/MyDrive/mark4.4/data/val/machine_noise_636.wav,machine_noise
/content/drive/MyDrive/mark4.4/data/val/machine_noise_637.wav,machine_noise
/content/drive/MyDrive/mark4.4/data/val/machine_noise_638.wav,machine_noise
/content/drive/MyDrive/mark4.4/data/val/machine_noise_639.wav,machine_noise
/content/drive/MyDrive/mark4.4/data/val/machine_noise_640.wav,machine_noise
/content/drive/MyDrive/mark4.4/data/val/machine_noise_641.wav,machine_noise
/content/drive/MyDrive/mark4.4/data/val/machine_noise_642.wav,machine_noise
/content/drive/MyDrive/mark4.4/data/val/machine_noise_643.wav,machine_noise
/content/drive/MyDrive/mark4.4/data/val/machine_noise_644.wav,machine_noise
/content/drive/MyDrive/mark4.4/data/val/machine_noise_645.wav,machine_noise
/content/drive/MyDrive/mark4.4/data/val/machine_noise_646.wav,machine_noise
/content/drive/MyDrive/mark4.4/data/val/machine_noise_647.wav,machine_noise
/content/drive/MyDrive/mark4.4/data/val/machine_noise_648.wav,machine_noise
/content/drive/MyDrive/mark4.4/data/val/machine_noise_649.wav,machine_noise
/content/drive/MyDrive/mark4.4/data/val/machine_noise_650.wav,machine_noise
/content/drive/MyDrive/mark4.4/data/val/machine_noise_651.wav,machine_noise
/content/drive/MyDrive/mark4.4/data/val/machine_noise_652.wav,machine_noise
/content/drive/MyDrive/mark4.4/data/val/machine_noise_653.wav,machine_noise
/content/drive/MyDrive/mark4.4/data/val/machine_noise_654.wav,machine_noise
/content/drive/MyDrive/mark4.4/data/val/machine_noise_655.wav,machine_noise
/content/drive/MyDrive/mark4.4/data/val/machine_noise_656.wav,machine_noise
/content/drive/MyDrive/mark4.4/data/val/machine_noise_657.wav,machine_noise
/content/drive/MyDrive/mark4.4/data/val/machine_noise_658.wav,machine_noise
/content/drive/MyDrive/mark4.4/data/val/machine_noise_659.wav,machine_noise
/content/drive/MyDrive/mark4.4/data/val/machine_noise_660.wav,machine_noise
/content/drive/MyDrive/mark4.4/data/val/machine_noise_661.wav,machine_noise
/content/drive/MyDrive/mark4.4/data/val/machine_noise_662.wav,machine_noise
/content/drive/MyDrive/mark4.4/data/val/machine_noise_663.wav,machine_noise
/content/drive/MyDrive/mark4.4/data/val/machine_noise_664.wav,machine_noise
/content/drive/MyDrive/mark4.4/data/val/machine_noise_665.wav,machine_noise
/content/drive/MyDrive/mark4.4/data/val/machine_noise_666.wav,machine_noise
/content/drive/MyDrive/mark4.4/data/val/machine_noise_667.wav,machine_noise
/content/drive/MyDrive/mark4.4/data/val/machine_noise_668.wav,machine_noise
/content/drive/MyDrive/mark4.4/data/val/machine_noise_669.wav,machine_noise
/content/drive/MyDrive/mark4.4/data/val/machine_noise_670.wav,machine_noise
/content/drive/MyDrive/mark4.4/data/val/machine_noise_671.wav,machine_noise
/content/drive/MyDrive/mark4.4/data/val/machine_noise_672.wav,machine_noise
/content/drive/MyDrive/mark4.4/data/val/machine_noise_673.wav,machine_noise
/content/drive/MyDrive/mark4.4/data/val/machine_noise_674.wav,machine_noise
/content/drive/MyDrive/mark4.4/data/val/machine_noise_675.wav,machine_noise
/content/drive/MyDrive/mark4.4/data/val/machine_noise_676.wav,machine_noise
/content/drive/MyDrive/mark4.4/data/val/machine_noise_677.wav,machine_noise
/content/drive/MyDrive/mark4.4/data/val/machine_noise_678.wav,machine_noise
/content/drive/MyDrive/mark4.4/data/val/machine_noise_679.wav,machine_noise
/content/drive/MyDrive/mark4.4/data/val/machine_noise_680.wav,machine_noise
/content/drive/MyDrive/mark4.4/data/val/machine_noise_681.wav,machine_noise
/content/drive/MyDrive/mark4.4/data/val/machine_noise_682.wav,machine_noise
/content/drive/MyDrive/mark4.4/data/val/machine_noise_683.wav,machine_noise
/content/drive/MyDrive/mark4.4/data/val/machine_noise_684.wav,machine_noise
/content/drive/MyDrive/mark4.4/data/val/machine_noise_685.wav,machine_noise
/content/drive/MyDrive/mark4.4/data/val/machine_noise_686.wav,machine_noise
/content/drive/MyDrive/mark4.4/data/val/machine_noise_687.wav,machine_noise
/content/drive/MyDrive/mark4.4/data/val/machine_noise_688.wav,machine_noise
/content/drive/MyDrive/mark4.4/data/val/machine_noise_689.wav,machine_noise
/content/drive/MyDrive/mark4.4/data/val/machine_noise_690.wav,machine_noise
/content/drive/MyDrive/mark4.4/data/val/machine_noise_691.wav,machine_noise
/content/drive/MyDrive/mark4.4/data/val/machine_noise_692.wav,machine_noise
/content/drive/MyDrive/mark4.4/data/val/machine_noise_693.wav,machine_noise
/content/drive/MyDrive/mark4.4/data/val/machine_noise_694.wav,machine_noise
/content/drive/MyDrive/mark4.4/data/val/machine_noise_695.wav,machine_noise
/content/drive/MyDrive/mark4.4/data/val/machine_noise_696.wav,machine_noise
/content/drive/MyDrive/mark4.4/data/val/machine_noise_697.wav,machine_noise
/content/drive/MyDrive/mark4.4/data/val/machine_noise_698.wav,machine_noise
/content/drive/MyDrive/mark4.4/data/val/machine_noise_699.wav,machine_noise
/content/drive/MyDrive/mark4.4/data/val/machine_noise_700.wav,machine_noise
/content/drive/MyDrive/mark4.4/data/val/others_1401.wav,others
/content/drive/MyDrive/mark4.4/data/val/others_1402.wav,others
/content/drive/MyDrive/mark4.4/data/val/others_1403.wav,others
/content/drive/MyDrive/mark4.4/data/val/others_1404.wav,others
/content/drive/MyDrive/mark4.4/data/val/others_1405.wav,others
/content/drive/MyDrive/mark4.4/data/val/others_1406.wav,others
/content/drive/MyDrive/mark4.4/data/val/others_1407.wav,others
/content/drive/MyDrive/mark4.4/data/val/others_1408.wav,others
/content/drive/MyDrive/mark4.4/data/val/others_1409.wav,others
/content/drive/MyDrive/mark4.4/data/val/others_1410.wav,others
/content/drive/MyDrive/mark4.4/data/val/others_1411.wav,others
/content/drive/MyDrive/mark4.4/data/val/others_1412.wav,others
/content/drive/MyDrive/mark4.4/data/val/others_1413.wav,others
/content/drive/MyDrive/mark4.4/data/val/others_1414.wav,others
/content/drive/MyDrive/mark4.4/data/val/others_1415.wav,others
/content/drive/MyDrive/mark4.4/data/val/others_1416.wav,others
/content/drive/MyDrive/mark4.4/data/val/others_1417.wav,others
/content/drive/MyDrive/mark4.4/data/val/others_1418.wav,others
/content/drive/MyDrive/mark4.4/data/val/others_1419.wav,others
/content/drive/MyDrive/mark4.4/data/val/others_1420.wav,others
/content/drive/MyDrive/mark4.4/data/val/others_1421.wav,others
/content/drive/MyDrive/mark4.4/data/val/others_1422.wav,others
/content/drive/MyDrive/mark4.4/data/val/others_1423.wav,others
/content/drive/MyDrive/mark4.4/data/val/others_1424.wav,others
/content/drive/MyDrive/mark4.4/data/val/others_1425.wav,others
/content/drive/MyDrive/mark4.4/data/val/others_1426.wav,others
/content/drive/MyDrive/mark4.4/data/val/others_1427.wav,others
/content/drive/MyDrive/mark4.4/data/val/others_1428.wav,others
/content/drive/MyDrive/mark4.4/data/val/others_1429.wav,others
/content/drive/MyDrive/mark4.4/data/val/others_1430.wav,others
/content/drive/MyDrive/mark4.4/data/val/others_1431.wav,others
/content/drive/MyDrive/mark4.4/data/val/others_1432.wav,others
/content/drive/MyDrive/mark4.4/data/val/others_1433.wav,others
/content/drive/MyDrive/mark4.4/data/val/others_1434.wav,others
/content/drive/MyDrive/mark4.4/data/val/others_1435.wav,others
/content/drive/MyDrive/mark4.4/data/val/others_1436.wav,others
/content/drive/MyDrive/mark4.4/data/val/others_1437.wav,others
/content/drive/MyDrive/mark4.4/data/val/others_1438.wav,others
/content/drive/MyDrive/mark4.4/data/val/others_1439.wav,others
/content/drive/MyDrive/mark4.4/data/val/others_1440.wav,others
/content/drive/MyDrive/mark4.4/data/val/others_1441.wav,others
/content/drive/MyDrive/mark4.4/data/val/others_1442.wav,others
/content/drive/MyDrive/mark4.4/data/val/others_1443.wav,others
/content/drive/MyDrive/mark4.4/data/val/others_1444.wav,others
/content/drive/MyDrive/mark4.4/data/val/others_1445.wav,others
/content/drive/MyDrive/mark4.4/data/val/others_1446.wav,others
/content/drive/MyDrive/mark4.4/data/val/others_1447.wav,others
/content/drive/MyDrive/mark4.4/data/val/others_1448.wav,others
/content/drive/MyDrive/mark4.4/data/val/others_1449.wav,others
/content/drive/MyDrive/mark4.4/data/val/others_1450.wav,others
/content/drive/MyDrive/mark4.4/data/val/others_1451.wav,others
/content/drive/MyDrive/mark4.4/data/val/others_1452.wav,others
/content/drive/MyDrive/mark4.4/data/val/others_1453.wav,others
/content/drive/MyDrive/mark4.4/data/val/others_1454.wav,others
/content/drive/MyDrive/mark4.4/data/val/others_1455.wav,others
/content/drive/MyDrive/mark4.4/data/val/others_1456.wav,others
/content/drive/MyDrive/mark4.4/data/val/others_1457.wav,others
/content/drive/MyDrive/mark4.4/data/val/others_1458.wav,others
/content/drive/MyDrive/mark4.4/data/val/others_1459.wav,others
/content/drive/MyDrive/mark4.4/data/val/others_1460.wav,others
/content/drive/MyDrive/mark4.4/data/val/others_1461.wav,others
/content/drive/MyDrive/mark4.4/data/val/others_1462.wav,others
/content/drive/MyDrive/mark4.4/data/val/others_1463.wav,others
/content/drive/MyDrive/mark4.4/data/val/others_1464.wav,others
/content/drive/MyDrive/mark4.4/data/val/others_1465.wav,others
/content/drive/MyDrive/mark4.4/data/val/others_1466.wav,others
/content/drive/MyDrive/mark4.4/data/val/others_1467.wav,others
/content/drive/MyDrive/mark4.4/data/val/others_1468.wav,others
/content/drive/MyDrive/mark4.4/data/val/others_1469.wav,others
/content/drive/MyDrive/mark4.4/data/val/others_1470.wav,others
/content/drive/MyDrive/mark4.4/data/val/others_1471.wav,others
/content/drive/MyDrive/mark4.4/data/val/others_1472.wav,others
/content/drive/MyDrive/mark4.4/data/val/others_1473.wav,others
/content/drive/MyDrive/mark4.4/data/val/others_1474.wav,others
/content/drive/MyDrive/mark4.4/data/val/others_1475.wav,others
/content/drive/MyDrive/mark4.4/data/val/others_1476.wav,others
/content/drive/MyDrive/mark4.4/data/val/others_1477.wav,others
/content/drive/MyDrive/mark4.4/data/val/others_1478.wav,others
/content/drive/MyDrive/mark4.4/data/val/others_1479.wav,others
/content/drive/MyDrive/mark4.4/data/val/others_1480.wav,others
/content/drive/MyDrive/mark4.4/data/val/others_1481.wav,others
/content/drive/MyDrive/mark4.4/data/val/others_1482.wav,others
/content/drive/MyDrive/mark4.4/data/val/others_1483.wav,others
/content/drive/MyDrive/mark4.4/data/val/others_1484.wav,others
/content/drive/MyDrive/mark4.4/data/val/others_1485.wav,others
/content/drive/MyDrive/mark4.4/data/val/others_1486.wav,others
/content/drive/MyDrive/mark4.4/data/val/others_1487.wav,others
/content/drive/MyDrive/mark4.4/data/val/others_1488.wav,others
/content/drive/MyDrive/mark4.4/data/val/others_1489.wav,others
/content/drive/MyDrive/mark4.4/data/val/others_1490.wav,others
/content/drive/MyDrive/mark4.4/data/val/others_1491.wav,others
/content/drive/MyDrive/mark4.4/data/val/others_1492.wav,others
/content/drive/MyDrive/mark4.4/data/val/others_1493.wav,others
/content/drive/MyDrive/mark4.4/data/val/others_1494.wav,others
/content/drive/MyDrive/mark4.4/data/val/others_1495.wav,others
/content/drive/MyDrive/mark4.4/data/val/others_1496.wav,others
/content/drive/MyDrive/mark4.4/data/val/others_1497.wav,others
/content/drive/MyDrive/mark4.4/data/val/others_1498.wav,others
/content/drive/MyDrive/mark4.4/data/val/others_1499.wav,others
/content/drive/MyDrive/mark4.4/data/val/others_1500.wav,others
